"","n","size","community_reputation","harmless_votes","malicious_votes","positives","scans.Fortinet.result","submission.filename","submission.submitter_country","submission.submitter_region","times_submitted","total","total_PERMs","unique_sources","additional_info.androguard.AndroidApplication","additional_info.androguard.AndroidVersionCode","additional_info.androguard.AndroidVersionName","additional_info.androguard.certificate.Subject.C","additional_info.androguard.certificate.Subject.CN","additional_info.androguard.certificate.Subject.email","additional_info.androguard.certificate.Subject.L","additional_info.androguard.certificate.Subject.O","additional_info.androguard.certificate.Subject.OU","additional_info.androguard.certificate.Subject.ST","additional_info.androguard.MinSdkVersion","additional_info.androguard.RiskIndicator.APK.SHARED.LIBRARIES","additional_info.androguard.RiskIndicator.PERM.APPOP","additional_info.androguard.RiskIndicator.PERM.DANGEROUS","additional_info.androguard.RiskIndicator.PERM.DEVELOPMENT","additional_info.androguard.RiskIndicator.PERM.EPHEMERAL","additional_info.androguard.RiskIndicator.PERM.GPS","additional_info.androguard.RiskIndicator.PERM.INSTANT","additional_info.androguard.RiskIndicator.PERM.MONEY","additional_info.androguard.RiskIndicator.PERM.NORMAL","additional_info.androguard.RiskIndicator.PERM.PRE23","additional_info.androguard.RiskIndicator.PERM.PREINSTALLED","additional_info.androguard.RiskIndicator.PERM.PRIVACY","additional_info.androguard.RiskIndicator.PERM.SIGNATURE","additional_info.androguard.RiskIndicator.PERM.SMS","additional_info.androguard.RiskIndicator.PERM.SYSTEM","additional_info.androguard.TargetSdkVersion","additional_info.compressedview.file_types.DEX","additional_info.compressedview.file_types.ELF","additional_info.compressedview.file_types.GIF","additional_info.compressedview.file_types.HTML","additional_info.compressedview.file_types.JavaScript","additional_info.compressedview.file_types.JPG","additional_info.compressedview.file_types.JSON","additional_info.compressedview.file_types.MP3","additional_info.compressedview.file_types.OGG","additional_info.compressedview.file_types.PNG","additional_info.compressedview.file_types.Portable.Executable","additional_info.compressedview.file_types.unknown","additional_info.compressedview.file_types.XML","additional_info.compressedview.file_types.ZIP","additional_info.compressedview.num_children","additional_info.exiftool.FileType","additional_info.exiftool.ZipBitFlag","additional_info.exiftool.ZipIncreasedUncompressedSize","additional_info.exiftool.ZipRequiredVersion","additional_info.f.prot.unpacker.appended","additional_info.f.prot.unpacker.UTF8","additional_info.positives_delta","additional_info.suspicious","additional_info.trid.AndroidPackage","additional_info.trid.DalvikDexClass","additional_info.trid.JavaArchive","additional_info.trid.KonfabulatorWidget","additional_info.trid.MozillaArchiveFormat","additional_info.trid.MozillaFirefoxBrowserExtension","additional_info.trid.OpenofficeExtension","additional_info.trid.OperaWidget","additional_info.trid.Printfox/PagefoxBitmap","additional_info.trid.SweetHome3dDesign","additional_info.trid.VymMindMap","additional_info.trid.ZipCompressedArchive"
"1",1,1956125,0,0,0,20,"Android/Agent.HVN!tr","/vdepot/apk/42/29/42290A1DDB41166F7E8C7536B409F4E6","US","ca",1,61,6,1,1,101,"23.5.3",NA,NA,NA,NA,NA,NA,"FI",16,NA,0,2,0,0,1,0,0,2,0,0,1,0,0,0,22,1,NA,NA,NA,NA,1,NA,0,NA,238,NA,40,104,NA,384,"ZIP","0",6.81033475623455,0,FALSE,FALSE,NA,FALSE,57,0,20,0,0,0,0,0,1.4,15.5,0,5.9
"2",2,2667641,0,0,0,20,"Android/Erwind.A!tr","398e6e8146d61470c4699f28f168188d.virus","CA","on",1,61,10,1,1,9,"0.8.6","NL","Jina Gasilov","android@android.com","You Bet","Vandervort-D'Amore","Android","California",14,NA,0,4,0,0,0,0,0,5,0,0,1,0,0,0,22,3,NA,NA,NA,2,NA,NA,0,NA,7,NA,34,2,NA,48,"ZIP","0x0808",2.41531176793102,20,FALSE,FALSE,NA,FALSE,49.3,0,17.3,0,8.9,0,0,17.9,0,0,0,5.1
"3",3,3998656,0,0,0,18,"Android/Agent.IMA!tr","07d00b70d7f6.zip","UA","63",1,61,22,1,1,1,"1.5","US","Android","android@android.com","Mountain View","Android","Android","California",24,NA,0,1,0,0,0,4,2,7,0,0,4,0,4,0,28,NA,NA,NA,3,1,NA,2,0,NA,266,NA,55,353,4,684,"ZIP","0x0808",1.01631025733962,20,FALSE,FALSE,NA,FALSE,0,0,72.9,0,0,0,0,0,5.4,0,0,21.6
"4",4,500276,-34,18,13,26,"Android/Generic.S.64F1!tr","WiFiKill-me.paranoid.wifikill-2032-v2.3.2.apk","IE","d",263,64,4,514,1,2032,"2.3.2",NA,"MessyBinary",NA,NA,NA,NA,NA,14,3,0,0,0,0,0,0,0,4,0,0,0,0,0,0,17,1,3,NA,NA,NA,NA,NA,0,NA,12,NA,5,25,NA,46,"ZIP","0x0008",2.3614295347269,20,FALSE,FALSE,-2,FALSE,60.1,0,21,0,10.9,0,0,0,1.5,0,0,6.2
"5",5,1956125,0,0,0,20,"Android/Agent.HVN!tr","/vdepot/apk/CD/74/CD74C3D8DE98A8F238BB9D6735380404","US","ca",1,62,6,1,1,101,"23.5.3",NA,NA,NA,NA,NA,NA,"FI",16,NA,0,2,0,0,1,0,0,2,0,0,1,0,0,0,22,1,NA,NA,NA,NA,1,NA,0,NA,238,NA,40,104,NA,384,"ZIP","0",6.81033475623455,0,FALSE,FALSE,NA,FALSE,57,0,20,0,0,0,0,0,1.4,15.5,0,5.9
"6",6,4137920,0,0,0,18,"Android/Agent.IVA!tr","ff6f1dd413e4.zip","UA","63",1,61,22,1,1,1,"1.5","US","Android","android@android.com","Mountain View","Android","Android","California",24,NA,0,1,0,0,0,4,2,7,0,0,4,0,4,0,28,NA,NA,NA,3,1,NA,2,0,NA,266,NA,55,353,4,684,"ZIP","0x0808",1.01631025733962,20,FALSE,FALSE,NA,FALSE,0,0,72.9,0,0,0,0,0,5.4,0,0,21.6
"7",7,3031864,0,0,0,15,"Riskware/Generic.Z.1114DCE!Android","b8456ae6435a76bc7713734f7d273a50.virobj","UA","30",2,61,0,2,NA,NA,NA,NA,NA,NA,NA,NA,NA,NA,NA,NA,0,0,0,0,0,0,0,0,0,0,0,0,0,0,NA,NA,NA,NA,NA,NA,NA,NA,0,NA,NA,NA,NA,NA,NA,NA,"ZIP","0x0808",2.60214497997157,20,FALSE,FALSE,0,FALSE,67.5,0,23.6,0,0,0,0,0,1.7,0,0,7
"8",8,2669106,0,0,0,20,"Android/Erwind.A!tr","511a4359f936ffc8419ff53c97a1af2c.virus","CA","on",1,60,10,1,1,9,"0.8.6","NL","Jina Gasilov","android@android.com","You Bet","Vandervort-D'Amore","Android","California",14,NA,0,4,0,0,0,0,0,5,0,0,1,0,0,0,22,3,NA,NA,NA,2,NA,NA,0,NA,7,NA,34,2,NA,48,"ZIP","0x0808",2.41531176793102,20,FALSE,FALSE,NA,FALSE,49.3,0,17.3,0,8.9,0,0,17.9,0,0,0,5.1
"9",9,2669106,0,0,0,21,"Android/Erwind.A!tr","ed89d9884a455e4d9534785edbfe4824.virus","CA","on",1,60,10,1,1,9,"0.8.6","NL","Jina Gasilov","android@android.com","You Bet","Vandervort-D'Amore","Android","California",14,NA,0,4,0,0,0,0,0,5,0,0,1,0,0,0,22,3,NA,NA,NA,2,NA,NA,0,NA,7,NA,34,2,NA,48,"ZIP","0x0808",2.41531176793102,20,FALSE,FALSE,NA,FALSE,49.3,0,17.3,0,8.9,0,0,17.9,0,0,0,5.1
"10",10,5884,0,0,0,25,"Android/Shedun.AC!tr","/home/farm/anteroom/0b9/111/0b911143341c6fd040b785df145f64b6a0a3751d55acb0c990f6c326ae7690fa","CZ","jm",4,60,0,2,2,NA,NA,NA,NA,NA,NA,NA,NA,NA,NA,NA,0,0,0,0,0,0,0,0,0,0,0,0,0,0,NA,NA,NA,NA,NA,NA,NA,NA,0,NA,NA,NA,NA,NA,NA,NA,"DEX",NA,NA,NA,FALSE,FALSE,-2,FALSE,0,100,0,0,0,0,0,0,0,0,0,0
"11",11,3035859,0,0,0,24,"Android/Agent.DUI!tr","0d2161d34d7751955bacce39772b951b94d8c25abde4abd4aff09afbb0412ed8.bin","IT","62",2,62,27,2,1,1,"1.0.8","US","Android","android@android.com","Mountain View","Android","Android","California",19,4,0,4,0,0,0,3,2,7,0,0,6,0,5,0,29,1,4,NA,NA,NA,NA,NA,0,NA,282,NA,11,414,NA,712,"ZIP","0x0800",4.56073833873784,10,FALSE,FALSE,1,FALSE,0,0,72.9,0,0,0,0,0,5.4,0,0,21.6
"12",12,2669106,0,0,0,19,"Android/Erwind.A!tr","687d2d7183b827d738e7f462ce91a4cd.virus","CA","on",1,61,10,1,1,9,"0.8.6","NL","Jina Gasilov","android@android.com","You Bet","Vandervort-D'Amore","Android","California",14,NA,0,4,0,0,0,0,0,5,0,0,1,0,0,0,22,3,NA,NA,NA,2,NA,NA,0,NA,7,NA,34,2,NA,48,"ZIP","0x0808",2.41531176793102,20,FALSE,FALSE,NA,FALSE,49.3,0,17.3,0,8.9,0,0,17.9,0,0,0,5.1
"13",13,15202016,0,0,0,17,"Android/Agent.DSI!tr","18074cc80c21cc4946365588dfd0b34b116ad06daeb620ef288b2f788a68ce98_mIxr1kN.apk","KR","41",1,63,34,1,1,41,"4.1","US","Android","android@android.com","Mountain View","Android","Android","California",19,10,0,8,0,0,3,0,1,10,0,0,8,1,2,1,22,1,10,NA,NA,1,4,NA,10,NA,136,NA,67,271,NA,490,"ZIP","0x0808",5.09625021600138,20,FALSE,FALSE,NA,FALSE,67.5,0,23.6,0,0,0,0,0,1.7,0,0,7
"14",14,8041344,0,0,0,17,"Android/Agent.EVT!tr","NTƒê TUNNEL PLUS_v1.6 (7)_Fix Virus 01.apk","SG",NA,1,63,9,1,1,7,"1.6","8609","Jx Clarynx",NA,"Caraga","zph-mph","anon.org","Surigao Del Norte",21,10,0,2,0,0,0,3,0,4,0,0,0,0,0,0,28,1,10,NA,NA,NA,10,NA,0,NA,469,NA,35,316,NA,841,"ZIP","0",2.52520636105023,0,FALSE,FALSE,NA,FALSE,0,0,72.9,0,0,0,0,0,5.4,0,0,21.6
"15",15,307908,0,0,0,20,"Android/Agent.CFR!tr","/home/farm/anteroom/1d1/f68/1d1f68a52facf1bf3fbd01a26c17b97ef6a45c31e604ad61ac4892b78004a9ba","CZ","jm",11,59,0,2,2,NA,NA,NA,NA,NA,NA,NA,NA,NA,NA,NA,0,0,0,0,0,0,0,0,0,0,0,0,0,0,NA,NA,NA,NA,NA,NA,NA,NA,0,NA,NA,NA,NA,NA,NA,NA,"DEX",NA,NA,NA,FALSE,FALSE,1,FALSE,0,100,0,0,0,0,0,0,0,0,0,0
"16",16,20353542,0,0,0,22,"Adware/Ewind!Android","99fb64d86ca6df9958664ab60cfe0002.virus","CA","on",1,63,58,1,1,2017011016,"5.0.8","CN","‰∏äÊµ∑Êà¥ÊÄùËΩØ‰ª∂ÊäÄÊúØÊúâÈôêÂÖ¨Âè∏",NA,"ÈóµË°åÂå∫","‰∏äÊµ∑Êà¥ÊÄùËΩØ‰ª∂ÊäÄÊúØÊúâÈôêÂÖ¨Âè∏","‰∏äÊµ∑Êà¥ÊÄùËΩØ‰ª∂ÊäÄÊúØÊúâÈôêÂÖ¨Âè∏","‰∏äÊµ∑",16,12,3,5,2,3,3,0,2,14,2,2,9,8,2,3,26,2,37,NA,1,NA,1,1,0,NA,425,NA,58,445,5,975,"ZIP","0x0808",3.13939983888292,20,FALSE,FALSE,NA,FALSE,43.2,0,15.1,0,0,0,24.1,0,0,11.7,0,4.4
"17",17,6122860,0,0,0,18,"Android/Agent.IYT!tr","1e56b66509bcce6cf7509a55061f78e090f112d505390fe2398ddf05423cab66.bin","IT","62",2,62,26,2,1,1,"1.6.7","US","Android","android@android.com","Mountain View","Android","Android","California",19,8,0,3,0,0,0,3,2,7,0,0,6,0,5,0,29,1,8,NA,NA,NA,NA,NA,0,NA,268,NA,43,411,NA,731,"ZIP","0x0800",4.552738336714,10,FALSE,FALSE,-1,FALSE,0,0,0,0,0,0,0,0,6.4,67.7,0,25.8
"18",18,4804233,0,0,0,27,"Riskware/Generic.Z.9DAC0B!Android","5d12844f3c59228b10d5bf53216904c3.virus","CA","on",1,58,15,1,1,25,"2.0.5","US","Android","android@android.com","Mountain View","Android","Android","California",10,NA,0,1,0,0,0,0,2,5,0,0,3,0,4,0,21,1,NA,NA,1,1,NA,NA,0,NA,774,NA,12,139,NA,928,"ZIP","0x0808",4.23851120394987,20,FALSE,FALSE,NA,FALSE,57,0,20,0,0,0,0,0,1.4,15.5,0,5.9
"19",19,1955983,0,0,0,19,"Android/Agent.HVN!tr","/vdepot/apk/8C/C8/8CC861F15E869C2272C150F1515AB58F","US","ca",1,60,6,1,1,101,"23.5.3",NA,NA,NA,"MOS",NA,NA,NA,16,NA,0,2,0,0,1,0,0,2,0,0,1,0,0,0,22,1,NA,NA,NA,NA,1,NA,0,NA,238,NA,40,104,NA,384,"ZIP","0",6.81098081502449,0,FALSE,FALSE,NA,FALSE,57,0,20,0,0,0,0,0,1.4,15.5,0,5.9
"20",20,48204,0,0,0,20,"Android/SmForw.K!tr","/home/farm/anteroom/222/da2/222da29747bcedd1a9961466b62a9921a6834d24e906e3c83b1f943bf5eb9749","CZ","jm",2,56,0,2,2,NA,NA,NA,NA,NA,NA,NA,NA,NA,NA,NA,0,0,0,0,0,0,0,0,0,0,0,0,0,0,NA,NA,NA,NA,NA,NA,NA,NA,0,NA,NA,NA,NA,NA,NA,NA,"DEX",NA,NA,NA,FALSE,FALSE,-2,FALSE,0,100,0,0,0,0,0,0,0,0,0,0
"21",21,366676,0,0,0,21,"Android/Agent.ACG!tr","/home/farm/anteroom/230/070/230070b253494961909354ffd1c5d6710ef9a6a7c90fcfc9c9ee1c4de37110ca","CZ","jm",2,53,0,2,2,NA,NA,NA,NA,NA,NA,NA,NA,NA,NA,NA,0,0,0,0,0,0,0,0,0,0,0,0,0,0,NA,NA,NA,NA,NA,NA,NA,NA,0,NA,NA,NA,NA,NA,NA,NA,"DEX",NA,NA,NA,FALSE,FALSE,3,FALSE,0,100,0,0,0,0,0,0,0,0,0,0
"22",22,2669106,0,0,0,22,"Android/Erwind.A!tr","b7950cc4dde4a30e5bdfa0611258dbe7.virus","CA","on",1,62,10,1,1,9,"0.8.6","NL","Jina Gasilov","android@android.com","You Bet","Vandervort-D'Amore","Android","California",14,NA,0,4,0,0,0,0,0,5,0,0,1,0,0,0,22,NA,NA,NA,NA,NA,NA,NA,0,NA,NA,NA,NA,NA,NA,NA,"ZIP","0x0808",2.41531176793102,20,FALSE,FALSE,NA,FALSE,49.3,0,17.3,0,8.9,0,0,17.9,0,0,0,5.1
"23",23,1674660,0,0,0,25,"Android/JSmsHider.O!tr","/home/farm/anteroom/253/44d/25344de34a37f11ef572585009934667aab84994751ace25197c9c6b5edf1285","CZ","jm",20,59,0,2,2,NA,NA,NA,NA,NA,NA,NA,NA,NA,NA,NA,0,0,0,0,0,0,0,0,0,0,0,0,0,0,NA,NA,NA,NA,NA,NA,NA,NA,0,NA,NA,NA,NA,NA,NA,NA,"DEX",NA,NA,NA,FALSE,FALSE,2,FALSE,0,100,0,0,0,0,0,0,0,0,0,0
"24",24,424720,0,0,0,20,"Adware/Dowgin!Android","/home/farm/anteroom/263/0e8/2630e85eadd9f03c309af12096105acf64b7b3520ee133c3fdae4ebcb02e6b5a","CZ","jm",2,59,0,1,2,NA,NA,NA,NA,NA,NA,NA,NA,NA,NA,NA,0,0,0,0,0,0,0,0,0,0,0,0,0,0,NA,NA,NA,NA,NA,NA,NA,NA,0,NA,NA,NA,NA,NA,NA,NA,"DEX",NA,NA,NA,FALSE,FALSE,5,FALSE,0,100,0,0,0,0,0,0,0,0,0,0
"25",25,394574,0,0,0,21,"Adware/Waps!Android","28fb52951bf9cfca8ce26eb02e8970acc357b18e172785f0acc3d9cdd3f9a184.bin","IT","62",18,63,16,14,1,929,"1.1",NA,"kuaishuo",NA,NA,NA,NA,NA,7,3,0,5,1,0,0,0,0,1,0,0,5,1,2,1,NA,1,3,NA,NA,NA,1,NA,14,NA,30,NA,9,21,NA,70,"ZIP","0x0008",3.13294797687861,20,FALSE,FALSE,0,TRUE,67.5,0,23.6,0,0,0,0,0,1.7,0,0,7
"26",26,5888,0,0,0,25,"Android/Shedun.AC!tr","/home/farm/anteroom/2aa/4c2/2aa4c2cf1a65f53ff6d4311a5ea4912eb6677ae0cb869a8637f793a13a0096e0","CZ","jm",2,59,0,1,2,NA,NA,NA,NA,NA,NA,NA,NA,NA,NA,NA,0,0,0,0,0,0,0,0,0,0,0,0,0,0,NA,NA,NA,NA,NA,NA,NA,NA,0,NA,NA,NA,NA,NA,NA,NA,"DEX",NA,NA,NA,FALSE,FALSE,6,FALSE,0,100,0,0,0,0,0,0,0,0,0,0
"27",27,7116,0,0,0,17,"Android/Agent.DBM!tr","/home/farm/anteroom/2c4/7f8/2c47f805fd3284c66be72e46e5c6e56c4db4de675c7862ad043dbe689151b00f","CZ","jm",2,60,0,2,2,NA,NA,NA,NA,NA,NA,NA,NA,NA,NA,NA,0,0,0,0,0,0,0,0,0,0,0,0,0,0,NA,NA,NA,NA,NA,NA,NA,NA,0,NA,NA,NA,NA,NA,NA,NA,"DEX",NA,NA,NA,FALSE,FALSE,2,FALSE,0,100,0,0,0,0,0,0,0,0,0,0
"28",28,17476,0,0,0,25,"Android/Generic.AP.A5E93E!tr","/home/farm/anteroom/327/25a/32725a4848c8c22cf432f48ad54c9d51461a5a344a99a5d91acab15848c3e361","CZ","jm",3,59,0,2,2,NA,NA,NA,NA,NA,NA,NA,NA,NA,NA,NA,0,0,0,0,0,0,0,0,0,0,0,0,0,0,NA,NA,NA,NA,NA,NA,NA,NA,0,NA,NA,NA,NA,NA,NA,NA,"DEX",NA,NA,NA,FALSE,FALSE,15,FALSE,0,100,0,0,0,0,0,0,0,0,0,0
"29",29,7032582,0,0,0,19,"Riskware/ScamApp!Android",NA,"MX","jal",255,63,5,2,1,4,"1.3","US","Android",NA,"Mountain View","Google Inc.","Android","California",22,NA,0,1,0,0,0,1,0,2,0,0,1,0,0,0,29,5,NA,NA,NA,NA,NA,NA,0,NA,277,NA,11,271,NA,564,"ZIP","0",2.64352469959947,20,FALSE,FALSE,0,FALSE,57,0,20,0,0,0,0,0,1.4,15.5,0,5.9
"30",30,6004,0,0,0,26,"Android/Shedun.AC!tr","/home/farm/anteroom/35c/825/35c8257e54b48a04208699603dcef5ef72451d1cdc96e613fa2be2edefe98aa7","CZ","jm",3,59,0,2,2,NA,NA,NA,NA,NA,NA,NA,NA,NA,NA,NA,0,0,0,0,0,0,0,0,0,0,0,0,0,0,NA,NA,NA,NA,NA,NA,NA,NA,0,NA,NA,NA,NA,NA,NA,NA,"DEX",NA,NA,NA,FALSE,FALSE,2,FALSE,0,100,0,0,0,0,0,0,0,0,0,0
"31",31,8801847,0,0,0,15,"Riskware/PackagingUntrustworthyJiagu!Android","33fc055276fc8b6933ec53e22b8cac6b.virus","CA","on",1,63,13,1,1,32000,"3.20.00","k","ltyhj",NA,"j","u","j","uy",19,17,1,2,0,0,0,2,0,4,0,0,1,2,0,1,28,2,17,NA,NA,NA,NA,2,0,NA,396,NA,13,446,NA,877,"ZIP","0x0808",2.67735059198192,20,FALSE,FALSE,NA,FALSE,44.2,0,15.5,0,8,0,0,0,0,12,14.3,0
"32",32,774024,0,0,0,28,"Android/Taomike.GENE!tr","/home/farm/anteroom/3d4/16c/3d416c5c0357e6095533ed81e8366b10b64f50c128aad0c5092e2293ab5c210d","CZ","jm",2,59,0,2,2,NA,NA,NA,NA,NA,NA,NA,NA,NA,NA,NA,0,0,0,0,0,0,0,0,0,0,0,0,0,0,NA,NA,NA,NA,NA,NA,NA,NA,0,NA,NA,NA,NA,NA,NA,NA,"DEX",NA,NA,NA,FALSE,FALSE,3,FALSE,0,100,0,0,0,0,0,0,0,0,0,0
"33",33,4804234,0,0,0,26,"Riskware/Generic.Z.9DAC0B!Android","190b85d5b007607220d51fad5c946de0.virus","CA","on",1,56,15,1,1,25,"2.0.5","US","Android","android@android.com","Mountain View","Android","Android","California",10,NA,0,1,0,0,0,0,2,5,0,0,3,0,4,0,21,1,NA,NA,1,1,NA,NA,0,NA,774,NA,12,139,NA,928,"ZIP","0x0808",4.23851120394987,20,FALSE,FALSE,NA,FALSE,57,0,20,0,0,0,0,0,1.4,15.5,0,5.9
"34",34,30711904,0,0,0,18,"Android/Dloader.WU!tr","144a3caa7b31dd3ce04c1228ca6e6157.virus","CA","on",1,61,20,1,1,6,"1.5.0","CN",NA,NA,NA,NA,NA,NA,21,5,0,2,0,0,3,2,0,6,0,0,7,0,0,0,28,5,16,NA,NA,NA,NA,2,0,NA,378,NA,476,119,4,2171,"ZIP","0x0808",0.923076923076923,20,FALSE,FALSE,NA,FALSE,51.6,0,18.1,0,9.3,0,0,0,0,14,0,5.3
"35",35,4506129,0,0,0,29,"Android/Obfus.QF!tr","414BC4BEA8E3562841D07CCF560790106D9496891633F34814054741F0C697B9","LU","l",2,62,4,2,1,1,"1.0","US","Android",NA,"Mountain View","Google Inc.","Android","California",21,NA,0,0,0,0,0,1,0,2,0,0,1,0,0,0,30,1,NA,NA,NA,NA,NA,NA,0,NA,29,NA,69,436,NA,536,"ZIP","0",3.84807864164433,0,FALSE,FALSE,2,FALSE,57,0,20,0,0,0,0,0,1.4,15.5,0,5.9
"36",36,6160,0,0,0,22,"Android/Agent.SL!tr","/home/farm/anteroom/428/15a/42815ac801815bcbf0681976dc753b5ac28042700fcb0f76e7566bb6f532c76f","CZ","jm",4,59,0,2,2,NA,NA,NA,NA,NA,NA,NA,NA,NA,NA,NA,0,0,0,0,0,0,0,0,0,0,0,0,0,0,NA,NA,NA,NA,NA,NA,NA,NA,0,NA,NA,NA,NA,NA,NA,NA,"DEX",NA,NA,NA,FALSE,FALSE,-1,FALSE,0,100,0,0,0,0,0,0,0,0,0,0
"37",37,2947134,0,0,0,20,"Adware/Dnotua.D034","4dc3d31060d4542f937b27040230d85d.virus","CA","on",1,60,1,1,1,9,"v2.0„ÄÄ","US","Android","android@android.com","Mountain View","Android","Android","California",21,1,0,1,0,0,0,0,0,0,0,0,0,0,0,0,21,1,1,NA,NA,NA,1,NA,1,NA,256,NA,12,214,NA,485,"ZIP","0x0808",5.56190476190476,20,FALSE,FALSE,NA,FALSE,57,0,20,0,0,0,0,0,1.4,15.5,0,5.9
"38",38,6122893,0,0,0,21,"Android/Agent.IYT!tr","43a6f2b86a2d0b295e2e06dc0e84c8274e3256d4ef8440b775cec460db9f67d3.bin","IT","62",2,62,26,2,1,1,"1.6.7","US","Android","android@android.com","Mountain View","Android","Android","California",19,8,0,3,0,0,0,3,2,7,0,0,6,0,5,0,29,1,8,NA,NA,NA,NA,NA,0,NA,268,NA,43,411,NA,731,"ZIP","0x0800",4.53764527539161,10,FALSE,FALSE,5,FALSE,0,0,0,0,0,0,0,0,6.4,67.7,0,25.8
"39",39,1956249,0,0,0,18,"Android/Agent.HVN!tr","/vdepot/apk/C1/7B/C17B9514DE24E1DBFAE204B099B25871","US","ca",1,62,6,1,1,101,"23.5.3",NA,NA,NA,"MOS",NA,NA,NA,16,NA,0,2,0,0,1,0,0,2,0,0,1,0,0,0,22,1,NA,NA,NA,NA,1,NA,0,NA,238,NA,40,104,NA,384,"ZIP","0",6.80858708344561,0,FALSE,FALSE,NA,FALSE,57,0,20,0,0,0,0,0,1.4,15.5,0,5.9
"40",40,3903113,-58,0,1,37,"Android/Agent.BOM!tr.spy","486d6a713d8c907df70a919729ac685328ab91a8977c2e352165640c4bd4d507.bin","IT","62",2,64,39,2,1,2000001,"1.2",NA,NA,NA,NA,NA,NA,NA,21,1,3,3,2,2,0,0,2,8,1,1,6,5,5,1,26,1,1,NA,NA,NA,NA,NA,0,NA,256,NA,31,139,NA,428,"ZIP","0x0800",4.36043689320388,20,FALSE,FALSE,2,FALSE,57,0,20,0,0,0,0,0,1.4,15.5,0,5.9
"41",41,543672,0,0,0,24,"Android/Agent.BQX!tr","/vdepot/apk/4B/B3/4BB3EF0CF83E8870E423148A9947FF93","US","ca",1,62,24,1,1,60,"6.9","US","Curt Beattie",NA,NA,"West Provider Consulting","IT",NA,21,NA,2,2,1,0,2,4,0,7,1,1,2,2,0,0,28,1,NA,NA,NA,NA,NA,NA,0,NA,68,NA,46,46,NA,161,"ZIP","0x0800",4.87194704405387,20,FALSE,FALSE,NA,FALSE,67.5,0,23.6,0,0,0,0,0,1.7,0,0,7
"42",42,5884,0,0,0,25,"Android/Shedun.AC!tr","/home/farm/anteroom/4ec/b82/4ecb8271eb885843b573afc52f3ad65e04bea7e5db53f28918a80893ad772d21","CZ","jm",2,59,0,1,2,NA,NA,NA,NA,NA,NA,NA,NA,NA,NA,NA,0,0,0,0,0,0,0,0,0,0,0,0,0,0,NA,NA,NA,NA,NA,NA,NA,NA,0,NA,NA,NA,NA,NA,NA,NA,"DEX",NA,NA,NA,FALSE,FALSE,5,FALSE,0,100,0,0,0,0,0,0,0,0,0,0
"43",43,6126959,0,0,0,20,"Android/Agent.IYT!tr","4f99eb089ad304e6fc201e83e140a9ee87f088b26eaf68d043f58cd2517f9372.bin","IT","62",2,61,26,2,1,1,"1.6.7","US","Android","android@android.com","Mountain View","Android","Android","California",19,8,0,3,0,0,0,3,2,7,0,0,6,0,5,0,29,1,8,NA,NA,NA,NA,NA,0,NA,268,NA,43,411,NA,731,"ZIP","0x0800",4.53953018439,10,FALSE,FALSE,2,FALSE,0,0,0,0,0,0,0,0,6.4,67.7,0,25.8
"44",44,1156,0,0,0,25,"Android/Agent.AEY!tr","/home/farm/anteroom/518/a3a/518a3a78ad4defd05c0d5a56e05e57736172c7d4519680669281a9a723e5b722","CZ","jm",23,59,0,1,2,NA,NA,NA,NA,NA,NA,NA,NA,NA,NA,NA,0,0,0,0,0,0,0,0,0,0,0,0,0,0,NA,NA,NA,NA,NA,NA,NA,NA,0,NA,NA,NA,NA,NA,NA,NA,"DEX",NA,NA,NA,FALSE,FALSE,-1,FALSE,0,100,0,0,0,0,0,0,0,0,0,0
"45",45,860113,0,0,0,36,"Android/Morcut.BTR!tr","/var/www/clean-mx/virusesevidence/output.109129878.txt","DE","he",16,62,28,9,1,1,"1.0","US","Server",NA,NA,"Sun","JavaSoft",NA,8,NA,0,6,0,0,2,0,3,4,0,0,9,0,4,0,10,1,NA,NA,NA,NA,NA,NA,0,NA,4,NA,17,3,NA,25,"ZIP","0x0808",2.13874345549738,20,TRUE,FALSE,0,TRUE,67.5,0,23.6,0,0,0,0,0,1.7,0,0,7
"46",46,2669106,0,0,0,19,"Android/Erwind.A!tr","bd4da5a797d78c9f79b48fea767d179a.virus","CA","on",1,60,10,1,1,9,"0.8.6","NL","Jina Gasilov","android@android.com","You Bet","Vandervort-D'Amore","Android","California",14,NA,0,4,0,0,0,0,0,5,0,0,1,0,0,0,22,3,NA,NA,NA,2,NA,NA,0,NA,7,NA,34,2,NA,48,"ZIP","0x0808",2.41531176793102,20,FALSE,FALSE,NA,FALSE,49.3,0,17.3,0,8.9,0,0,17.9,0,0,0,5.1
"47",47,1955964,0,0,0,21,"Android/Agent.HVN!tr","upd-player_v1.40.2_al64-v8a (1).apk","MX","jal",1,62,6,1,1,101,"23.5.3",NA,NA,NA,"ZOO",NA,NA,NA,16,NA,0,2,0,0,1,0,0,2,0,0,1,0,0,0,22,1,NA,NA,NA,NA,1,NA,0,NA,238,NA,40,104,NA,384,"ZIP","0",6.80977186994791,0,FALSE,FALSE,NA,FALSE,57,0,20,0,0,0,0,0,1.4,15.5,0,5.9
"48",48,2669106,0,0,0,20,"Android/Erwind.A!tr","398b0efdf2bfbede63ad56fbc7aec443.virus","CA","on",1,61,10,1,1,9,"0.8.6","NL","Jina Gasilov","android@android.com","You Bet","Vandervort-D'Amore","Android","California",14,NA,0,4,0,0,0,0,0,5,0,0,1,0,0,0,22,3,NA,NA,NA,2,NA,NA,0,NA,7,NA,34,2,NA,48,"ZIP","0x0808",2.41531176793102,20,FALSE,FALSE,NA,FALSE,49.3,0,17.3,0,8.9,0,0,17.9,0,0,0,5.1
"49",49,15721098,0,0,0,16,"Android/Agent.DSI!tr","582059b1fca86b50d493d6065902706e8b4001083da48825f7ec19b4f01dba8f_HOS5GUL.apk","KR","41",1,60,34,1,1,41,"4.1","US","Android","android@android.com","Mountain View","Android","Android","California",19,10,0,8,0,0,3,0,1,10,0,0,8,1,2,1,22,1,10,NA,5,NA,NA,NA,10,NA,152,NA,51,271,NA,490,"ZIP","0x0808",5.09360967184801,20,FALSE,FALSE,NA,FALSE,0,0,72.9,0,0,0,0,0,5.4,0,0,21.6
"50",50,63071192,0,0,0,15,"Adware/RevMob!Android","bdea36fce09a27e1b2022a1f9827973ca8b79725","GB","eng",7,62,4,1,1,1,"1.0.0",NA,NA,NA,NA,"gameartstudio",NA,NA,19,NA,0,1,0,1,0,0,0,1,0,0,1,0,0,0,26,NA,NA,NA,NA,NA,NA,NA,0,NA,NA,16,984,NA,NA,1655,"ZIP","0x0808",18.4865327062847,20,TRUE,FALSE,1,FALSE,0,0,72.9,0,0,0,0,0,5.4,0,0,21.6
"51",51,4804236,0,0,0,27,"Riskware/Generic.Z.9DAC0B!Android","861c383642a72bf59163420578d0f325.virus","CA","on",1,63,15,1,1,25,"2.0.5","US","Android","android@android.com","Mountain View","Android","Android","California",10,NA,0,1,0,0,0,0,2,5,0,0,3,0,4,0,21,1,NA,NA,1,1,NA,NA,0,NA,774,NA,12,139,NA,928,"ZIP","0x0808",4.23851120394987,20,FALSE,FALSE,NA,FALSE,57,0,20,0,0,0,0,0,1.4,15.5,0,5.9
"52",52,601452,0,0,0,25,"Android/Hiddad.HI!tr","/vdepot/apk/54/91/5491F9F73B432EC8334544E7CD15FEBF","US","ca",1,61,2,1,1,102,"10.2","BD",NA,NA,"EW",NA,NA,"EC",11,NA,0,1,0,0,0,0,0,1,0,0,0,0,0,0,22,1,NA,NA,NA,NA,NA,NA,0,NA,36,NA,5,19,NA,61,"ZIP","0x0800",4.87863070539419,20,FALSE,FALSE,NA,FALSE,59.2,0,20.7,0,0,12.3,0,0,1.5,0,0,6.1
"53",53,3035852,0,0,0,21,"Android/Agent.DUI!tr","5b6bf2b718b6b91f6604653c0392a17ec2e06a480106f7af995b24134bbe49bb.bin","IT","62",2,59,27,2,1,1,"1.0.8","US","Android","android@android.com","Mountain View","Android","Android","California",19,4,0,4,0,0,0,3,2,7,0,0,6,0,5,0,29,1,4,NA,NA,NA,NA,NA,0,NA,282,NA,11,414,NA,712,"ZIP","0x0800",4.56073833873784,10,FALSE,FALSE,-3,FALSE,0,0,72.9,0,0,0,0,0,5.4,0,0,21.6
"54",54,1956174,0,0,0,20,"Android/Agent.HVN!tr","Go to key system 3.apk","BD","c",1,61,6,1,1,101,"23.5.3",NA,NA,NA,"ZOO",NA,NA,NA,16,NA,0,2,0,0,1,0,0,2,0,0,1,0,0,0,22,1,NA,NA,NA,NA,1,NA,0,NA,238,NA,40,104,NA,384,"ZIP","0",6.80977186994791,0,FALSE,FALSE,NA,FALSE,57,0,20,0,0,0,0,0,1.4,15.5,0,5.9
"55",55,14898946,0,0,0,15,"Android/Agent.DSI!tr","5de4da28e50449387d64517def282a67c0b1abdaaa0f26379df4a8df03a9c4b6_OODFZMU.apk","KR","41",1,63,34,1,1,41,"4.1","US","Android","android@android.com","Mountain View","Android","Android","California",19,10,0,8,0,0,3,0,1,10,0,0,8,1,2,1,22,1,10,2,3,NA,NA,NA,10,NA,144,NA,64,271,NA,495,"ZIP","0x0808",5.09097186259278,20,FALSE,FALSE,NA,FALSE,67.5,0,23.6,0,0,0,0,0,1.7,0,0,7
"56",56,10186,0,0,0,30,"Android/Agent.JN!tr","Settings.apk","IN","mh",1,62,26,1,1,1,"1.0","US/O=Android/CN=Android Debug",NA,NA,NA,NA,NA,NA,10,NA,0,5,0,0,2,0,1,6,0,0,9,0,3,0,17,1,NA,NA,NA,NA,NA,NA,0,NA,NA,NA,4,1,NA,7,"ZIP","0",4.14709371293001,20,FALSE,FALSE,NA,FALSE,0,0,72.9,0,0,0,0,0,5.4,0,0,21.6
"57",57,1156,0,0,0,25,"Android/Agent.AEV!tr","/home/farm/anteroom/5ea/129/5ea1296d04807f0654402821bf9f0a8497cc60f914d6be352f2b634c05c50447","CZ","jm",5,59,0,3,2,NA,NA,NA,NA,NA,NA,NA,NA,NA,NA,NA,0,0,0,0,0,0,0,0,0,0,0,0,0,0,NA,NA,NA,NA,NA,NA,NA,NA,0,NA,NA,NA,NA,NA,NA,NA,"DEX",NA,NA,NA,FALSE,FALSE,3,FALSE,0,100,0,0,0,0,0,0,0,0,0,0
"58",58,15410862,0,0,0,18,"Android/Agent.DSI!tr","5fb8d78dc05349e35d0c9eea4519f5443a9716e65594c2d80e893a7c40a48dbb_qKmKVGa.apk","KR","41",1,63,34,1,1,41,"4.1","US","Android","android@android.com","Mountain View","Android","Android","California",19,10,0,8,0,0,3,0,1,10,0,0,8,1,2,1,22,1,10,55,NA,3,1,NA,10,NA,155,NA,73,271,NA,569,"ZIP","0x0808",5.09889349930844,20,FALSE,FALSE,NA,FALSE,57,0,20,0,0,0,0,0,1.4,15.5,0,5.9
"59",59,153424,0,0,0,26,"Android/Generic.Z.985DEC!tr","/home/farm/anteroom/614/e38/614e3813ce90f67958aca0fcb84cd149f47f48a7da3470f3342baf8738bebf86","CZ","jm",2,60,0,2,2,NA,NA,NA,NA,NA,NA,NA,NA,NA,NA,NA,0,0,0,0,0,0,0,0,0,0,0,0,0,0,NA,NA,NA,NA,NA,NA,NA,NA,0,NA,NA,NA,NA,NA,NA,NA,"DEX",NA,NA,NA,FALSE,FALSE,1,FALSE,0,100,0,0,0,0,0,0,0,0,0,0
"60",60,3394334,0,0,0,26,"Android/Agent.BMP!tr","61d1375917ce31d4d09966d1931e0ae9669960f932aaca77fab4d3b7c03fb8b6.bin","IT","62",5,64,26,2,1,1,"8.8.9","US","Android","android@android.com","Mountain View","Android","Android","California",19,4,0,3,0,0,0,3,2,7,0,0,6,0,5,0,29,1,4,NA,NA,NA,NA,NA,0,NA,268,NA,45,411,NA,729,"ZIP","0",4.60441251924064,0,FALSE,FALSE,6,FALSE,57,0,20,0,0,0,0,0,1.4,15.5,0,5.9
"61",61,214120,0,0,0,22,"Android/SMSreg.QS!tr","/home/farm/anteroom/62b/8e0/62b8e05e0beff927d7381493b1065cb6fc734951696ad3d9f8a1a50d4437fecf","CZ","jm",4,59,0,2,2,NA,NA,NA,NA,NA,NA,NA,NA,NA,NA,NA,0,0,0,0,0,0,0,0,0,0,0,0,0,0,NA,NA,NA,NA,NA,NA,NA,NA,0,NA,NA,NA,NA,NA,NA,NA,"DEX",NA,NA,NA,FALSE,FALSE,-2,TRUE,0,100,0,0,0,0,0,0,0,0,0,0
"62",62,17984,0,0,0,23,"Android/Agent.WX!tr","/home/farm/anteroom/67e/23e/67e23e212de9f16f7711ae22bcd54af653881658ea2ff3154fd95374b8ec1a68","CZ","jm",2,59,0,2,2,NA,NA,NA,NA,NA,NA,NA,NA,NA,NA,NA,0,0,0,0,0,0,0,0,0,0,0,0,0,0,NA,NA,NA,NA,NA,NA,NA,NA,0,NA,NA,NA,NA,NA,NA,NA,"DEX",NA,NA,NA,FALSE,FALSE,4,FALSE,0,100,0,0,0,0,0,0,0,0,0,0
"63",63,7108008,0,0,0,16,"Riskware/PackedTencent!Android","/home/farm/anteroom/698/72f/69872f0eebabd29fd5730c7aebc1f80d69989c23936105e70f4f6d186e3b1bcd","CZ","jm",3,59,0,2,2,NA,NA,NA,NA,NA,NA,NA,NA,NA,NA,NA,0,0,0,0,0,0,0,0,0,0,0,0,0,0,NA,NA,NA,NA,NA,NA,NA,NA,0,NA,NA,NA,NA,NA,NA,NA,"DEX",NA,NA,NA,FALSE,FALSE,2,FALSE,0,100,0,0,0,0,0,0,0,0,0,0
"64",64,107759215,0,0,0,17,"Android/Savestealer.B!tr.spy","/1/6/9/69d2a67ab4958bd414c40626f96c495299943d5ef5286e44b43d4019f990be6c.file","US",NA,1,60,6,1,1,1,"1.0","US","Android","android@android.com","Mountain View","Android","Android","California",21,NA,0,1,0,0,0,2,0,3,0,0,0,0,0,0,30,1,NA,NA,NA,NA,NA,NA,0,NA,185,NA,11,410,1,608,"ZIP","0x0808",3.44859101294745,20,FALSE,FALSE,NA,FALSE,48.1,0,16.8,0,0,0,0,0,0,13.1,15.6,5
"65",65,183459,0,0,0,31,"Android/FakeInst.FZ!tr","/var/www/clean-mx/virusesevidence/output.109230463.txt","DE","he",11,61,10,5,1,1,"1.0","VN","INet","abc@yahoo.com","HaNoi","Londatiganet","Android Mobile","West Java",8,NA,0,1,0,0,0,0,1,2,0,0,1,2,1,2,NA,1,NA,NA,NA,NA,2,NA,0,NA,4,NA,5,2,NA,14,"ZIP","0x0808",2.23846153846154,20,FALSE,FALSE,-1,FALSE,67.5,0,23.6,0,0,0,0,0,1.7,0,0,7
"66",66,2669106,0,0,0,19,"Android/Erwind.A!tr","99decf6002a4c491ba859031a577a2d7.virus","CA","on",1,60,10,1,1,9,"0.8.6","NL","Jina Gasilov","android@android.com","You Bet","Vandervort-D'Amore","Android","California",14,NA,0,4,0,0,0,0,0,5,0,0,1,0,0,0,22,3,NA,NA,NA,2,NA,NA,0,NA,7,NA,34,2,NA,48,"ZIP","0x0808",2.41531176793102,20,FALSE,FALSE,NA,FALSE,49.3,0,17.3,0,8.9,0,0,17.9,0,0,0,5.1
"67",67,1956249,0,0,0,17,"Android/Agent.HVN!tr","/vdepot/apk/93/F2/93F282BE60DCF9585656C53B3F3D51FB","US","ca",1,62,6,1,1,101,"23.5.3",NA,NA,NA,"MOS",NA,NA,NA,16,NA,0,2,0,0,1,0,0,2,0,0,1,0,0,0,22,1,NA,NA,NA,NA,1,NA,0,NA,238,NA,40,104,NA,384,"ZIP","0",6.80858708344561,0,FALSE,FALSE,NA,FALSE,57,0,20,0,0,0,0,0,1.4,15.5,0,5.9
"68",68,3758923,0,0,0,20,"Riskware/PackagingUntrustworthyJiagu!Android","34f4de7847edefb2aa6b581239e8a6d0.virus","CA","on",1,63,27,1,1,1,"1.0","CN","Siyu",NA,"NanChang","E4A","E4A","JiangXi",17,4,2,2,1,0,2,3,0,6,1,1,3,4,0,2,29,1,4,NA,NA,NA,1,NA,0,NA,59,NA,6,19,NA,90,"ZIP","0",3.80049875311721,788,FALSE,FALSE,NA,FALSE,67.5,0,23.6,0,0,0,0,0,1.7,0,0,7
"69",69,1998932,0,0,0,16,"Android/Agent.JN!tr","/home/farm/anteroom/6df/4e0/6df4e0d2952bba325c0fb73d3be319ad1a8cb5f65300ce01d0c0bfb827a2446d","CZ","jm",1,59,0,1,2,NA,NA,NA,NA,NA,NA,NA,NA,NA,NA,NA,0,0,0,0,0,0,0,0,0,0,0,0,0,0,NA,NA,NA,NA,NA,NA,NA,NA,0,NA,NA,NA,NA,NA,NA,NA,"DEX",NA,NA,NA,FALSE,FALSE,NA,FALSE,0,100,0,0,0,0,0,0,0,0,0,0
"70",70,6122862,-1,0,1,23,"Android/Agent.IYT!tr","6e1aa2d78106b07e496dd5db40468e8126c6cb7332419cd9bb961bfab9b866b1.bin","IT","62",2,62,26,2,1,1,"1.6.7","US","Android","android@android.com","Mountain View","Android","Android","California",19,8,0,3,0,0,0,3,2,7,0,0,6,0,5,0,29,1,8,NA,NA,NA,NA,NA,0,NA,268,NA,43,411,NA,731,"ZIP","0x0800",4.53548875978783,10,FALSE,FALSE,3,FALSE,0,0,0,0,0,0,0,0,6.4,67.7,0,25.8
"71",71,5904,0,0,0,23,"Android/Shedun.AC!tr","/home/farm/anteroom/6ea/ad3/6eaad37c64a3ff87c8fce0fd45e52c1c2f34b38f9ba7a2f69a3af5dc2f2b3f6f","CZ","jm",4,59,0,2,2,NA,NA,NA,NA,NA,NA,NA,NA,NA,NA,NA,0,0,0,0,0,0,0,0,0,0,0,0,0,0,NA,NA,NA,NA,NA,NA,NA,NA,0,NA,NA,NA,NA,NA,NA,NA,"DEX",NA,NA,NA,FALSE,FALSE,-2,FALSE,0,100,0,0,0,0,0,0,0,0,0,0
"72",72,2111216,0,0,0,16,"Android/Agent.HVN!tr","/home/farm/anteroom/6f9/5c9/6f95c99527dd3b03f04f9571cd1587574eedc74ab0b89fd79a863c4879fa48f8","CZ","jm",2,59,0,2,2,NA,NA,NA,NA,NA,NA,NA,NA,NA,NA,NA,0,0,0,0,0,0,0,0,0,0,0,0,0,0,NA,NA,NA,NA,NA,NA,NA,NA,0,NA,NA,NA,NA,NA,NA,NA,"DEX",NA,NA,NA,FALSE,FALSE,9,FALSE,0,100,0,0,0,0,0,0,0,0,0,0
"73",73,621512,0,0,0,26,"Android/Agent.ADF!tr","/home/farm/anteroom/711/34d/71134df685c8a4e61354b9be0826da4a0103c200b27b9c6d98ff91339464cba1","CZ","jm",3,58,0,2,2,NA,NA,NA,NA,NA,NA,NA,NA,NA,NA,NA,0,0,0,0,0,0,0,0,0,0,0,0,0,0,NA,NA,NA,NA,NA,NA,NA,NA,0,NA,NA,NA,NA,NA,NA,NA,"DEX",NA,NA,NA,FALSE,FALSE,2,FALSE,0,100,0,0,0,0,0,0,0,0,0,0
"74",74,2669106,0,0,0,17,"Android/Erwind.A!tr","7f40973468f4098097c00856716c66c3.virus","CA","on",1,59,10,1,1,9,"0.8.6","NL","Jina Gasilov","android@android.com","You Bet","Vandervort-D'Amore","Android","California",14,NA,0,4,0,0,0,0,0,5,0,0,1,0,0,0,22,3,NA,NA,NA,2,NA,NA,0,NA,7,NA,34,2,NA,48,"ZIP","0x0808",2.41531176793102,20,FALSE,FALSE,NA,FALSE,49.3,0,17.3,0,8.9,0,0,17.9,0,0,0,5.1
"75",75,14498070,0,0,0,21,"Adware/SMSreg!Android","/var/www/clean-mx/virusesevidence/output.109131451.txt","DE","he",6,63,23,3,1,53,"2.0.3","cn","mykj",NA,"shenzhen","mykj","mykj","guangdong",8,NA,0,10,0,0,2,0,2,3,0,0,5,0,1,0,15,NA,1,NA,NA,NA,6,NA,190,4,580,NA,144,232,1,1602,"ZIP","0x0808",2.83525073155089,20,TRUE,TRUE,1,FALSE,59.2,0,20.7,12.3,0,0,0,0,1.5,0,0,6.1
"76",76,7612932,0,0,0,17,"Adware/RevMob!Android","/home/farm/anteroom/776/9ba/7769ba8f448ae186f396008bd0b836c2fdd8425f7bc71f35ba4c9342eaa49e95","CZ","jm",2,59,0,2,2,NA,NA,NA,NA,NA,NA,NA,NA,NA,NA,NA,0,0,0,0,0,0,0,0,0,0,0,0,0,0,NA,NA,NA,NA,NA,NA,NA,NA,0,NA,NA,NA,NA,NA,NA,NA,"DEX",NA,NA,NA,FALSE,FALSE,3,TRUE,0,100,0,0,0,0,0,0,0,0,0,0
"77",77,2669106,0,0,0,20,"Android/Erwind.A!tr","21f97251e89bc40c1842bbff5bb9f629.virus","CA","on",1,62,10,1,1,9,"0.8.6","NL","Jina Gasilov","android@android.com","You Bet","Vandervort-D'Amore","Android","California",14,NA,0,4,0,0,0,0,0,5,0,0,1,0,0,0,22,3,NA,NA,NA,2,NA,NA,0,NA,7,NA,34,2,NA,48,"ZIP","0x0808",2.41531176793102,20,FALSE,FALSE,NA,FALSE,49.3,0,17.3,0,8.9,0,0,17.9,0,0,0,5.1
"78",78,699499,0,0,0,17,"Android/Cerberus.M!tr.spy","/app/downloads/ready.apk","IE","d",1,62,28,1,1,999,"3.31.165","‰∏≠ÂõΩ","np",NA,"Âçó‰∫¨","np","np","Ê±üËãè",21,NA,0,8,0,0,2,0,0,7,0,0,10,0,1,0,22,2,NA,NA,NA,NA,NA,NA,0,NA,22,NA,5,21,NA,50,"ZIP","0x0800",2.37031470173791,10,FALSE,FALSE,NA,FALSE,67.5,0,23.6,0,0,0,0,0,1.7,0,0,7
"79",79,4531604,0,0,0,15,"Adware/Aio.C!tr","/home/farm/anteroom/7da/6df/7da6df71044948df14dcb2ca641063578c6fc1c7388a3f24886ee7ae7f745915","CZ","jm",20,58,0,5,2,NA,NA,NA,NA,NA,NA,NA,NA,NA,NA,NA,0,0,0,0,0,0,0,0,0,0,0,0,0,0,NA,NA,NA,NA,NA,NA,NA,NA,0,NA,NA,NA,NA,NA,NA,NA,"DEX",NA,NA,NA,FALSE,FALSE,1,TRUE,0,100,0,0,0,0,0,0,0,0,0,0
"80",80,586168,0,0,0,27,"Android/SpyNote.AN!tr.spy","/home/farm/anteroom/7e2/6f1/7e26f1857285bcf9fbe8820bf7a9e83f561a798ea4c194aee6b7842eb421affd","CZ","jm",33,60,0,2,2,NA,NA,NA,NA,NA,NA,NA,NA,NA,NA,NA,0,0,0,0,0,0,0,0,0,0,0,0,0,0,NA,NA,NA,NA,NA,NA,NA,NA,0,NA,NA,NA,NA,NA,NA,NA,"DEX",NA,NA,NA,FALSE,FALSE,2,FALSE,0,100,0,0,0,0,0,0,0,0,0,0
"81",81,8728803,0,0,0,16,"Android/Agent.EVT!tr","NTƒê TUNNEL PLUS.apk","SG",NA,1,63,9,1,1,7,"1.6","8609","Jx Clarynx",NA,"Caraga","zph-mph","anon.org","Surigao Del Norte",21,NA,0,2,0,0,0,3,0,4,0,0,0,0,0,0,28,1,16,NA,NA,NA,10,NA,0,NA,469,NA,35,316,NA,847,"ZIP","0",2.92646382939608,0,FALSE,FALSE,NA,FALSE,67.5,0,23.6,0,0,0,0,0,1.7,0,0,7
"82",82,2249530,0,0,0,16,"Android/Agent.BTN!tr.spy","cede65505eff1d8b0fc081f7caa9b260.virus","CA","on",1,62,6,1,1,1,"7.10","fdf","df",NA,"dfd","dfdf","dfdf","fdfd",21,NA,0,2,0,0,0,0,0,0,0,0,3,0,1,0,29,1,NA,NA,NA,NA,1,NA,0,NA,183,NA,28,183,NA,396,"ZIP","0",3.10357815442561,0,FALSE,FALSE,NA,FALSE,57,0,20,0,0,0,0,0,1.4,15.5,0,5.9
"83",83,730228,0,0,0,15,"Adware/Waps!Android","/home/farm/anteroom/802/007/80200791c397178829c9e8268a88a34f4a281b0a4fea4884bffce628d210e370","CZ","jm",2,58,0,2,2,NA,NA,NA,NA,NA,NA,NA,NA,NA,NA,NA,0,0,0,0,0,0,0,0,0,0,0,0,0,0,NA,NA,NA,NA,NA,NA,NA,NA,0,NA,NA,NA,NA,NA,NA,NA,"DEX",NA,NA,NA,FALSE,FALSE,3,FALSE,0,100,0,0,0,0,0,0,0,0,0,0
"84",84,2669106,0,0,0,21,"Android/Erwind.A!tr","59a28fc426dba2cb5e1b0760dd09310f.virus","CA","on",1,61,10,1,1,9,"0.8.6","NL","Jina Gasilov","android@android.com","You Bet","Vandervort-D'Amore","Android","California",14,NA,0,4,0,0,0,0,0,5,0,0,1,0,0,0,22,3,NA,NA,NA,2,NA,NA,0,NA,7,NA,34,2,NA,48,"ZIP","0x0808",2.41531176793102,20,FALSE,FALSE,NA,FALSE,49.3,0,17.3,0,8.9,0,0,17.9,0,0,0,5.1
"85",85,178355426,0,0,0,15,"Android/Agent.DUI!tr","GLOBALü•∂.apk","RU","kir",1,61,24,1,1,15522,"1.6.0",NA,"fly",NA,NA,NA,NA,NA,18,4,1,2,1,0,0,4,0,12,1,1,1,1,0,0,29,1,43,3,2,NA,NA,6,0,NA,382,NA,473,89,1,1979,"ZIP","0x0808",4.50560271646859,20,FALSE,FALSE,NA,FALSE,57,0,20,0,0,0,0,0,1.4,15.5,0,5.9
"86",86,20316,0,0,0,19,"Android/Agent.JN!tr","/home/farm/anteroom/81e/5bc/81e5bca7a9ad2e5e94e23bbf05f43eca768c82e6c4e98c6a635f869e38ddc7d9","CZ","jm",1,59,0,1,2,NA,NA,NA,NA,NA,NA,NA,NA,NA,NA,NA,0,0,0,0,0,0,0,0,0,0,0,0,0,0,NA,NA,NA,NA,NA,NA,NA,NA,0,NA,NA,NA,NA,NA,NA,NA,"DEX",NA,NA,NA,FALSE,FALSE,NA,FALSE,0,100,0,0,0,0,0,0,0,0,0,0
"87",87,332868,0,0,0,23,"Android/SmsSpy.IT!tr.spy","/home/farm/anteroom/857/b45/857b45ed2dc260b7b13792fcd5896e00b0a1bf280b1a2d159e8f0827aa0268e7","CZ","jm",3,60,0,2,2,NA,NA,NA,NA,NA,NA,NA,NA,NA,NA,NA,0,0,0,0,0,0,0,0,0,0,0,0,0,0,NA,NA,NA,NA,NA,NA,NA,NA,0,NA,NA,NA,NA,NA,NA,NA,"DEX",NA,NA,NA,FALSE,FALSE,0,FALSE,0,100,0,0,0,0,0,0,0,0,0,0
"88",88,773772,0,0,0,35,"Android/SpyNote.AN!tr.spy","/1/8/6/8668110a6415b1e6116d5a0d51b5c1f092452937da8db38209971c56ebafad57.file","US",NA,1,62,34,1,1,1,"v5.6.3","rb","Benim ismim","sahte@gmail.com","Antan","Benim Firmam","Benim Firmam","SANANE",10,NA,0,7,0,0,2,0,1,11,0,0,11,0,2,0,22,1,NA,NA,NA,NA,NA,NA,0,NA,250,NA,5,175,NA,431,"ZIP","0x0808",4.09775343483104,20,FALSE,FALSE,NA,FALSE,57,0,20,0,0,0,0,0,1.4,15.5,0,5.9
"89",89,6012,0,0,0,27,"Android/Shedun.AC!tr","/home/farm/anteroom/869/a5a/869a5a52ff0ae95bc77fc58e0cc5a12a2747320a0e52a62a8a2c214dc085bf6b","CZ","jm",2,59,0,2,2,NA,NA,NA,NA,NA,NA,NA,NA,NA,NA,NA,0,0,0,0,0,0,0,0,0,0,0,0,0,0,NA,NA,NA,NA,NA,NA,NA,NA,0,NA,NA,NA,NA,NA,NA,NA,"DEX",NA,NA,NA,FALSE,FALSE,11,FALSE,0,100,0,0,0,0,0,0,0,0,0,0
"90",90,14941837,0,0,0,17,"Android/Agent.DSI!tr","88017f7e21360a69be46595bb672b60ae21873aec8044868f01c8471d54603cd_OqkCCCK.apk","KR","41",1,63,34,1,1,41,"4.1","US","Android","android@android.com","Mountain View","Android","Android","California",19,10,0,8,0,0,3,0,1,10,0,0,8,1,2,1,22,1,10,NA,NA,1,NA,NA,10,NA,144,NA,69,271,NA,496,"ZIP","0x0808",5.09360967184801,20,FALSE,FALSE,NA,FALSE,67.5,0,23.6,0,0,0,0,0,1.7,0,0,7
"91",91,1152,0,0,0,26,"Android/Agent.AEV!tr","/home/farm/anteroom/883/20f/88320f1d50eafcaf97d1857d1745231d018e6e845d01d21b9e8a69bcefcebaec","CZ","jm",29,59,0,1,2,NA,NA,NA,NA,NA,NA,NA,NA,NA,NA,NA,0,0,0,0,0,0,0,0,0,0,0,0,0,0,NA,NA,NA,NA,NA,NA,NA,NA,0,NA,NA,NA,NA,NA,NA,NA,"DEX",NA,NA,NA,FALSE,FALSE,1,TRUE,0,100,0,0,0,0,0,0,0,0,0,0
"92",92,1914076,0,0,0,22,"Android/Agent.EE!tr","/home/farm/anteroom/891/828/891828b21fb9a16aa6ad23f1d0fbd5a3af7a19b571f9df677e9a15bd8a8e7848","CZ","jm",5,59,0,2,2,NA,NA,NA,NA,NA,NA,NA,NA,NA,NA,NA,0,0,0,0,0,0,0,0,0,0,0,0,0,0,NA,NA,NA,NA,NA,NA,NA,NA,0,NA,NA,NA,NA,NA,NA,NA,"DEX",NA,NA,NA,FALSE,FALSE,1,FALSE,0,100,0,0,0,0,0,0,0,0,0,0
"93",93,560344,0,0,0,25,"Android/Agent.BY!tr","/home/farm/anteroom/89f/9e3/89f9e3d747418598dbac39e0d99a1140121775f45d195822873492726ae29068","CZ","jm",2,60,0,2,2,NA,NA,NA,NA,NA,NA,NA,NA,NA,NA,NA,0,0,0,0,0,0,0,0,0,0,0,0,0,0,NA,NA,NA,NA,NA,NA,NA,NA,0,NA,NA,NA,NA,NA,NA,NA,"DEX",NA,NA,NA,FALSE,FALSE,7,FALSE,0,100,0,0,0,0,0,0,0,0,0,0
"94",94,5884,0,0,0,27,"Android/Shedun.AC!tr","/home/farm/anteroom/8b1/2d9/8b12d99a02aa90ba7dd32b5534069a527ff0ba9fe4bfde4001ef1f20f4b61d98","CZ","jm",2,60,0,1,2,NA,NA,NA,NA,NA,NA,NA,NA,NA,NA,NA,0,0,0,0,0,0,0,0,0,0,0,0,0,0,NA,NA,NA,NA,NA,NA,NA,NA,0,NA,NA,NA,NA,NA,NA,NA,"DEX",NA,NA,NA,FALSE,FALSE,9,FALSE,0,100,0,0,0,0,0,0,0,0,0,0
"95",95,4804230,0,0,0,28,"Riskware/Generic.Z.9DAC0B!Android","372d9fbeab97317bc48ca6b2aea5394e.virus","CA","on",1,63,15,1,1,25,"2.0.5","US","Android","android@android.com","Mountain View","Android","Android","California",10,NA,0,1,0,0,0,0,2,5,0,0,3,0,4,0,21,1,NA,NA,1,1,NA,NA,0,NA,774,NA,12,139,NA,928,"ZIP","0x0808",4.23851120394987,20,FALSE,FALSE,NA,FALSE,57,0,20,0,0,0,0,0,1.4,15.5,0,5.9
"96",96,6000,0,0,0,27,"Android/Shedun.AC!tr","/home/farm/anteroom/8ce/3d2/8ce3d2151e4ef63bbd06aa38e13a0e7352bcd981ea537bfdf4987885fb71cd1b","CZ","jm",4,59,0,2,2,NA,NA,NA,NA,NA,NA,NA,NA,NA,NA,NA,0,0,0,0,0,0,0,0,0,0,0,0,0,0,NA,NA,NA,NA,NA,NA,NA,NA,0,NA,NA,NA,NA,NA,NA,NA,"DEX",NA,NA,NA,FALSE,FALSE,1,FALSE,0,100,0,0,0,0,0,0,0,0,0,0
"97",97,674204,0,0,0,15,"Android/Generic.Z.8EF9C5!tr","/home/farm/anteroom/90d/929/90d92984bc56447eafaf66e178d6f71d171251ffbb52774d8d9fcc34b42918bf","CZ","jm",3,58,0,2,2,NA,NA,NA,NA,NA,NA,NA,NA,NA,NA,NA,0,0,0,0,0,0,0,0,0,0,0,0,0,0,NA,NA,NA,NA,NA,NA,NA,NA,0,NA,NA,NA,NA,NA,NA,NA,"DEX",NA,NA,NA,FALSE,FALSE,4,FALSE,0,100,0,0,0,0,0,0,0,0,0,0
"98",98,2678380,0,0,0,20,"Android/Agent.GZB!tr","/vdepot/apk/57/47/57478C6932CC393BD0EB17584C53D1A0","US","ca",1,60,6,1,1,101,"21.18.7",NA,NA,NA,"MOS",NA,NA,NA,16,NA,0,2,0,0,1,0,0,2,0,0,1,0,0,0,22,1,NA,NA,NA,NA,1,NA,0,NA,238,NA,53,104,NA,397,"ZIP","0",6.80826594788859,0,FALSE,FALSE,NA,FALSE,57,0,20,0,0,0,0,0,1.4,15.5,0,5.9
"99",99,2228618,0,0,0,16,"Android/Agent.BTN!tr.spy","58b808ba0b906f3d0260a7d0054a15c4.virus","CA","on",1,59,6,1,1,1,"7.11","dsd","sdsd",NA,"dsd","sds","sd","sfff",21,NA,0,2,0,0,0,0,0,0,0,0,3,0,1,0,29,1,NA,NA,NA,NA,1,NA,0,NA,183,NA,28,183,NA,396,"ZIP","0",3.08903467666354,0,FALSE,FALSE,NA,FALSE,57,0,20,0,0,0,0,0,1.4,15.5,0,5.9
"100",100,2669106,0,0,0,21,"Android/Erwind.A!tr","b719e252acf3434fcd6f80fb02a1b216.virus","CA","on",1,62,10,1,1,9,"0.8.6","NL","Jina Gasilov","android@android.com","You Bet","Vandervort-D'Amore","Android","California",14,NA,0,4,0,0,0,0,0,5,0,0,1,0,0,0,22,3,NA,NA,NA,2,NA,NA,0,NA,7,NA,34,2,NA,48,"ZIP","0x0808",2.41531176793102,20,FALSE,FALSE,NA,FALSE,49.3,0,17.3,0,8.9,0,0,17.9,0,0,0,5.1
"101",101,356169,0,0,0,21,"Android/Agent.DUI!tr","Inject 1.66.apk","IN","wb",1,60,3,1,1,1,"1.0",NA,"fly",NA,NA,NA,NA,NA,14,NA,0,2,0,0,0,0,0,1,0,0,0,0,0,0,21,1,NA,NA,NA,NA,1,NA,0,NA,5,NA,6,5,NA,18,"ZIP","0x0808",2.8705035971223,20,FALSE,FALSE,NA,FALSE,67.5,0,23.6,0,0,0,0,0,1.7,0,0,7
"102",102,5996,0,0,0,24,"Android/Shedun.AC!tr","/home/farm/anteroom/9b3/9c0/9b39c0f66d9d20d5c60cf282c2f4510d90ddb08b92034da8ad07e0e05991c264","CZ","jm",3,60,0,2,2,NA,NA,NA,NA,NA,NA,NA,NA,NA,NA,NA,0,0,0,0,0,0,0,0,0,0,0,0,0,0,NA,NA,NA,NA,NA,NA,NA,NA,0,NA,NA,NA,NA,NA,NA,NA,"DEX",NA,NA,NA,FALSE,FALSE,5,FALSE,0,100,0,0,0,0,0,0,0,0,0,0
"103",103,53604603,0,0,0,16,"Adware/Tapcore!Android","ninja-kung-fu-fighting-3d-a-2.apk","FR",NA,3,63,18,3,1,16,"1.6.3","RU","Yulia Blokhina",NA,"NSK","TriggerTeam","Marketing","NSO",19,8,1,2,1,0,2,2,0,4,1,1,3,1,0,0,27,1,8,NA,NA,NA,NA,NA,0,NA,276,60,126,156,NA,627,"ZIP","0",5.18992102294095,20,TRUE,FALSE,1,FALSE,57,0,20,0,0,0,0,0,1.4,15.5,0,5.9
"104",104,787644,0,0,0,16,"Android/Generic.Z.5DD22E!tr","/home/farm/anteroom/9ec/e8f/9ece8fbe04b147fdeab4b72c182cf5f449161e795f7dfc144c82102be0e652a5","CZ","jm",2,58,0,2,2,NA,NA,NA,NA,NA,NA,NA,NA,NA,NA,NA,0,0,0,0,0,0,0,0,0,0,0,0,0,0,NA,NA,NA,NA,NA,NA,NA,NA,0,NA,NA,NA,NA,NA,NA,NA,"DEX",NA,NA,NA,FALSE,FALSE,7,FALSE,0,100,0,0,0,0,0,0,0,0,0,0
"105",105,21035680,0,0,0,23,"Adware/Ewind!Android","4e92aa88c8d4f554b3699e888c46ea15.virus","CA","on",1,63,58,1,1,2017011016,"1.7.0","CN","‰∏äÊµ∑Êà¥ÊÄùËΩØ‰ª∂ÊäÄÊúØÊúâÈôêÂÖ¨Âè∏",NA,"ÈóµË°åÂå∫","‰∏äÊµ∑Êà¥ÊÄùËΩØ‰ª∂ÊäÄÊúØÊúâÈôêÂÖ¨Âè∏","‰∏äÊµ∑Êà¥ÊÄùËΩØ‰ª∂ÊäÄÊúØÊúâÈôêÂÖ¨Âè∏","‰∏äÊµ∑",16,11,3,5,2,3,3,0,2,14,2,2,9,8,2,3,26,3,37,NA,2,NA,1,NA,0,NA,430,NA,51,471,5,1021,"ZIP","0x0808",3.14388810831524,20,FALSE,FALSE,NA,FALSE,43.2,0,15.1,0,0,0,24.1,0,0,11.7,0,4.4
"106",106,2669106,0,0,0,17,"Android/Erwind.A!tr","a69037a1b4ab6d529e0b43fe80f3d86e.virus","CA","on",1,53,10,1,1,9,"0.8.6","NL","Jina Gasilov","android@android.com","You Bet","Vandervort-D'Amore","Android","California",14,NA,0,4,0,0,0,0,0,5,0,0,1,0,0,0,22,3,NA,NA,NA,2,NA,NA,0,NA,7,NA,34,2,NA,48,"ZIP","0x0808",2.41531176793102,20,FALSE,FALSE,NA,FALSE,49.3,0,17.3,0,8.9,0,0,17.9,0,0,0,5.1
"107",107,2669106,0,0,0,23,"Android/Erwind.A!tr","70e8eaf5a0fc75d733c56622908be9fc.virus","CA","on",1,61,10,1,1,9,"0.8.6","NL","Jina Gasilov","android@android.com","You Bet","Vandervort-D'Amore","Android","California",14,NA,0,4,0,0,0,0,0,5,0,0,1,0,0,0,22,3,NA,NA,NA,2,NA,NA,0,NA,7,NA,34,2,NA,48,"ZIP","0x0808",2.41531176793102,20,FALSE,FALSE,NA,FALSE,49.3,0,17.3,0,8.9,0,0,17.9,0,0,0,5.1
"108",108,14898948,0,0,0,17,"Android/Agent.DSI!tr","wooribank.apk","IE","d",1,62,34,1,1,41,"4.1","US","Android","android@android.com","Mountain View","Android","Android","California",19,10,0,8,0,0,3,0,1,10,0,0,8,1,2,1,22,1,10,2,3,NA,NA,NA,10,NA,144,NA,64,271,NA,495,"ZIP","0x0808",5.09360967184801,20,FALSE,FALSE,NA,FALSE,67.5,0,23.6,0,0,0,0,0,1.7,0,0,7
"109",109,1975464,0,0,0,19,"Android/Agent.GZB!tr","/vdepot/apk/61/A1/61A1E0B9E4CFA1D9EF63CF63EF341CE5","US","ca",1,62,6,1,1,101,"23.5.3",NA,NA,NA,"MOS",NA,NA,NA,16,NA,0,2,0,0,1,0,0,2,0,0,1,0,0,0,22,1,NA,NA,NA,NA,1,NA,0,NA,238,NA,41,108,NA,389,"ZIP","0",6.80797915356276,0,FALSE,FALSE,NA,FALSE,57,0,20,0,0,0,0,0,1.4,15.5,0,5.9
"110",110,6122851,0,0,0,19,"Android/Agent.IYT!tr","a5dce801b88d2a36c9307c54344838c9f17821e9623a9b019301653a5aed1923.bin","IT","62",4,60,26,2,1,1,"1.6.7","US","Android","android@android.com","Mountain View","Android","Android","California",19,8,0,3,0,0,0,3,2,7,0,0,6,0,5,0,29,1,8,NA,NA,NA,NA,NA,0,NA,268,NA,43,411,NA,731,"ZIP","0x0800",4.55070993914807,10,FALSE,FALSE,1,FALSE,0,0,0,0,0,0,0,0,6.4,67.7,0,25.8
"111",111,4385200,0,0,0,21,"Android/Hiddad.AEW!tr","/home/farm/anteroom/a60/8dd/a608dd9745b26ab54a868cd0e697fe9af4b07087565b0c31754442104be8e8fa","CZ","jm",29,59,0,1,2,NA,NA,NA,NA,NA,NA,NA,NA,NA,NA,NA,0,0,0,0,0,0,0,0,0,0,0,0,0,0,NA,NA,NA,NA,NA,NA,NA,NA,0,NA,NA,NA,NA,NA,NA,NA,"DEX",NA,NA,NA,FALSE,FALSE,1,FALSE,0,100,0,0,0,0,0,0,0,0,0,0
"112",112,3916196,0,0,0,15,"Android/Clicker.JV!tr","/home/farm/anteroom/a61/bff/a61bff9017378fb2d5540d3e2dc869ee8419f392f7f209e2685c79855910e77e","CZ","jm",1,59,0,1,2,NA,NA,NA,NA,NA,NA,NA,NA,NA,NA,NA,0,0,0,0,0,0,0,0,0,0,0,0,0,0,NA,NA,NA,NA,NA,NA,NA,NA,0,NA,NA,NA,NA,NA,NA,NA,"DEX",NA,NA,NA,FALSE,FALSE,NA,FALSE,0,100,0,0,0,0,0,0,0,0,0,0
"113",113,2669106,0,0,0,20,"Android/Erwind.A!tr","4a584efbd918315cb0e1ac7ce5a6bf6c.virus","CA","on",1,59,10,1,1,9,"0.8.6","NL","Jina Gasilov","android@android.com","You Bet","Vandervort-D'Amore","Android","California",14,NA,0,4,0,0,0,0,0,5,0,0,1,0,0,0,22,3,NA,NA,NA,2,NA,NA,0,NA,7,NA,34,2,NA,48,"ZIP","0x0808",2.41531176793102,20,FALSE,FALSE,NA,FALSE,49.3,0,17.3,0,8.9,0,0,17.9,0,0,0,5.1
"114",114,2249617,0,0,0,16,"Android/Agent.BTN!tr.spy","9d7989c69e72d623ef2072443803c711.virus","CA","on",1,61,6,1,1,1,"7.12","dg","asdfghj",NA,"dgs","dfghs","sdfghj","dts",21,NA,0,2,0,0,0,0,0,0,0,0,3,0,1,0,29,1,NA,NA,NA,NA,1,NA,0,NA,183,NA,28,183,NA,396,"ZIP","0",3.08239700374532,0,FALSE,FALSE,NA,FALSE,57,0,20,0,0,0,0,0,1.4,15.5,0,5.9
"115",115,2111871,0,0,0,23,"Android/Agent.GZB!tr","/vdepot/apk/2A/39/2A3997852CD5D188E7A604A3562CC67B","US","ca",1,62,5,1,1,101,"21.18.5",NA,NA,NA,NA,NA,NA,"FI",16,NA,0,1,0,0,1,0,0,2,0,0,1,0,0,0,22,1,NA,NA,NA,NA,1,NA,0,NA,238,NA,42,104,NA,386,"ZIP","0",6.81524135138783,0,FALSE,FALSE,NA,FALSE,57,0,20,0,0,0,0,0,1.4,15.5,0,5.9
"116",116,5988,0,0,0,24,"Android/Shedun.AC!tr","/home/farm/anteroom/aae/abb/aaeabbce4c406cdf8f9b9589333bafa56dc195d3842907554a252dcf155ba8c5","CZ","jm",3,59,0,2,2,NA,NA,NA,NA,NA,NA,NA,NA,NA,NA,NA,0,0,0,0,0,0,0,0,0,0,0,0,0,0,NA,NA,NA,NA,NA,NA,NA,NA,0,NA,NA,NA,NA,NA,NA,NA,"DEX",NA,NA,NA,FALSE,FALSE,1,FALSE,0,100,0,0,0,0,0,0,0,0,0,0
"117",117,5892,0,0,0,25,"Android/Shedun.AC!tr","/home/farm/anteroom/ab5/214/ab52140f9261625de809937715b27b8280a768af723f681f901364d6b47e52b2","CZ","jm",2,60,0,1,2,NA,NA,NA,NA,NA,NA,NA,NA,NA,NA,NA,0,0,0,0,0,0,0,0,0,0,0,0,0,0,NA,NA,NA,NA,NA,NA,NA,NA,0,NA,NA,NA,NA,NA,NA,NA,"DEX",NA,NA,NA,FALSE,FALSE,4,FALSE,0,100,0,0,0,0,0,0,0,0,0,0
"118",118,586008,0,0,0,17,"Android/SpyNote.AN!tr.spy","/home/farm/anteroom/ab6/240/ab62401962780156e487f8ac2308c6119d2f36e0e3ea867ffd39f135fe701447","CZ","jm",1,59,0,1,2,NA,NA,NA,NA,NA,NA,NA,NA,NA,NA,NA,0,0,0,0,0,0,0,0,0,0,0,0,0,0,NA,NA,NA,NA,NA,NA,NA,NA,0,NA,NA,NA,NA,NA,NA,NA,"DEX",NA,NA,NA,FALSE,FALSE,NA,FALSE,0,100,0,0,0,0,0,0,0,0,0,0
"119",119,14898951,0,0,0,17,"Android/Agent.DSI!tr","ab745ebaea77141c30eb15d628ed5cd6fbe9cacfff79a69602383d9fbef1b3d3_hkJObIP.apk","KR","41",1,63,34,1,1,41,"4.1","US","Android","android@android.com","Mountain View","Android","Android","California",19,10,0,8,0,0,3,0,1,10,0,0,8,1,2,1,22,1,10,2,3,NA,NA,NA,10,NA,144,NA,64,271,NA,495,"ZIP","0x0808",5.09185082872928,20,FALSE,FALSE,NA,FALSE,67.5,0,23.6,0,0,0,0,0,1.7,0,0,7
"120",120,659384,0,0,0,23,"Android/Agent.FS!tr.dldr","/home/farm/anteroom/b16/f32/b16f32cc3a955adf1594f1d6c69625809ec64c957437c3004af50b71e2d28834","CZ","jm",2,59,0,2,2,NA,NA,NA,NA,NA,NA,NA,NA,NA,NA,NA,0,0,0,0,0,0,0,0,0,0,0,0,0,0,NA,NA,NA,NA,NA,NA,NA,NA,0,NA,NA,NA,NA,NA,NA,NA,"DEX",NA,NA,NA,FALSE,FALSE,3,FALSE,0,100,0,0,0,0,0,0,0,0,0,0
"121",121,2669106,0,0,0,17,"Android/Erwind.A!tr","b59907b5c5ce38e183b655256d0770ce.virus","CA","on",1,62,10,1,1,9,"0.8.6","NL","Jina Gasilov","android@android.com","You Bet","Vandervort-D'Amore","Android","California",14,NA,0,4,0,0,0,0,0,5,0,0,1,0,0,0,22,3,NA,NA,NA,2,NA,NA,0,NA,7,NA,34,2,NA,48,"ZIP","0x0808",2.41531176793102,20,FALSE,FALSE,NA,FALSE,49.3,0,17.3,0,8.9,0,0,17.9,0,0,0,5.1
"122",122,6008,0,0,0,28,"Android/Shedun.AC!tr","/home/farm/anteroom/b49/8f3/b498f3072fbb21bd542c89c3296a6d5303fcd87a0e678d3318f0e7d8a9105fc1","CZ","jm",5,59,0,2,2,NA,NA,NA,NA,NA,NA,NA,NA,NA,NA,NA,0,0,0,0,0,0,0,0,0,0,0,0,0,0,NA,NA,NA,NA,NA,NA,NA,NA,0,NA,NA,NA,NA,NA,NA,NA,"DEX",NA,NA,NA,FALSE,FALSE,1,FALSE,0,100,0,0,0,0,0,0,0,0,0,0
"123",123,6040,0,0,0,21,"Android/Shedun.AC!tr","/home/farm/anteroom/b54/ba0/b54ba0773c8bd212ed38238b587e6a8454853e92c6cf9c924e06e04556bdf7d0","CZ","jm",2,59,0,2,2,NA,NA,NA,NA,NA,NA,NA,NA,NA,NA,NA,0,0,0,0,0,0,0,0,0,0,0,0,0,0,NA,NA,NA,NA,NA,NA,NA,NA,0,NA,NA,NA,NA,NA,NA,NA,"DEX",NA,NA,NA,FALSE,FALSE,4,FALSE,0,100,0,0,0,0,0,0,0,0,0,0
"124",124,1719960,0,0,0,17,"Riskware/Generic.Z.1114DEA!Android","f539f058e64d0f6d14c1dd96e6a8ef00.virus","CA","on",1,62,49,1,1,1,"1.0",NA,"no",NA,NA,NA,NA,NA,19,NA,2,4,3,0,2,3,1,12,2,2,8,6,1,3,27,1,NA,NA,NA,NA,NA,NA,0,NA,48,NA,12,42,NA,103,"ZIP","0x0808",3.01970149253731,20,FALSE,FALSE,NA,FALSE,67.5,0,23.6,0,0,0,0,0,1.7,0,0,7
"125",125,3390238,0,0,0,26,"Android/Agent.BMP!tr","b93cc33a5c482950307f9b536a65a8908f39d615744da83b378a82ec599f3867.bin","IT","62",2,63,26,2,1,1,"8.8.9","US","Android","android@android.com","Mountain View","Android","Android","California",19,4,0,3,0,0,0,3,2,7,0,0,6,0,5,0,29,1,4,NA,NA,NA,NA,NA,0,NA,268,NA,45,411,NA,729,"ZIP","0",4.60795892169448,0,FALSE,FALSE,0,FALSE,57,0,20,0,0,0,0,0,1.4,15.5,0,5.9
"126",126,2669106,0,0,0,17,"Android/Erwind.A!tr","99b2e03bec4b9f8a21f410f9f57f5da3.virus","CA","on",1,56,10,1,1,9,"0.8.6","NL","Jina Gasilov","android@android.com","You Bet","Vandervort-D'Amore","Android","California",14,NA,0,4,0,0,0,0,0,5,0,0,1,0,0,0,22,3,NA,NA,NA,2,NA,NA,0,NA,7,NA,34,2,NA,48,"ZIP","0x0808",2.41531176793102,20,FALSE,FALSE,NA,FALSE,49.3,0,17.3,0,8.9,0,0,17.9,0,0,0,5.1
"127",127,2667888,0,0,0,20,"Android/Erwind.A!tr","b9454f2d517e7473ef6efccc05830a2e.virus","CA","on",1,62,10,1,1,9,"0.8.6","NL","Jina Gasilov","android@android.com","You Bet","Vandervort-D'Amore","Android","California",14,NA,0,4,0,0,0,0,0,5,0,0,1,0,0,0,22,3,NA,NA,NA,2,NA,NA,0,NA,7,NA,34,2,NA,48,"ZIP","0x0808",2.59426074749233,20,FALSE,FALSE,NA,FALSE,49.3,0,17.3,0,8.9,0,0,17.9,0,0,0,5.1
"128",128,2669106,0,0,0,21,"Android/Erwind.A!tr","506124f476f81157bce4a73aa55868a2.virus","CA","on",1,61,10,1,1,9,"0.8.6","NL","Jina Gasilov","android@android.com","You Bet","Vandervort-D'Amore","Android","California",14,NA,0,4,0,0,0,0,0,5,0,0,1,0,0,0,22,3,NA,NA,NA,2,NA,NA,0,NA,7,NA,34,2,NA,48,"ZIP","0x0808",2.41531176793102,20,FALSE,FALSE,NA,FALSE,49.3,0,17.3,0,8.9,0,0,17.9,0,0,0,5.1
"129",129,2667641,0,0,0,22,"Android/Erwind.A!tr","c72de31bbd83417033cbb56c29b55219.virus","CA","on",1,60,10,1,1,9,"0.8.6","NL","Jina Gasilov","android@android.com","You Bet","Vandervort-D'Amore","Android","California",14,NA,0,4,0,0,0,0,0,5,0,0,1,0,0,0,22,3,NA,NA,NA,2,NA,NA,0,NA,7,NA,34,2,NA,48,"ZIP","0x0808",2.41531176793102,20,FALSE,FALSE,NA,FALSE,49.3,0,17.3,0,8.9,0,0,17.9,0,0,0,5.1
"130",130,2669106,0,0,0,21,"Android/Erwind.A!tr","64ec5dae7d37d8980c4690b4d0c307bb.virus","CA","on",1,62,10,1,1,9,"0.8.6","NL","Jina Gasilov","android@android.com","You Bet","Vandervort-D'Amore","Android","California",14,NA,0,4,0,0,0,0,0,5,0,0,1,0,0,0,22,3,NA,NA,NA,2,NA,NA,0,NA,7,NA,34,2,NA,48,"ZIP","0x0808",2.41531176793102,20,FALSE,FALSE,NA,FALSE,49.3,0,17.3,0,8.9,0,0,17.9,0,0,0,5.1
"131",131,14909972,0,0,0,16,"Android/Agent.DSI!tr","c13405a377e93e7abde4470f252a3d340b003d1bd5b83156ffe712a8f1ed90dc_zgbiAT9.apk","KR","41",1,63,34,1,1,41,"4.1","US","Android","android@android.com","Mountain View","Android","Android","California",19,10,0,8,0,0,3,0,1,10,0,0,8,1,2,1,22,1,10,2,3,NA,NA,NA,10,NA,144,NA,64,271,NA,495,"ZIP","0x0808",5.09625021600138,20,FALSE,FALSE,NA,FALSE,67.5,0,23.6,0,0,0,0,0,1.7,0,0,7
"132",132,2150408,0,0,0,17,"Android/Agent.GZB!tr","/home/farm/anteroom/c3f/4b9/c3f4b98e52d7e3dd3a1311f13633172dfeb64a45edff364be22869c7d535afda","CZ","jm",3,59,0,2,2,NA,NA,NA,NA,NA,NA,NA,NA,NA,NA,NA,0,0,0,0,0,0,0,0,0,0,0,0,0,0,NA,NA,NA,NA,NA,NA,NA,NA,0,NA,NA,NA,NA,NA,NA,NA,"DEX",NA,NA,NA,FALSE,FALSE,2,FALSE,0,100,0,0,0,0,0,0,0,0,0,0
"133",133,1956125,0,0,0,20,"Android/Agent.HVN!tr","/vdepot/apk/82/5A/825AFFC780FA347A057A28A90FDE924B","US","ca",1,62,6,1,1,101,"23.5.3",NA,NA,NA,NA,NA,NA,"FI",16,NA,0,2,0,0,1,0,0,2,0,0,1,0,0,0,22,1,NA,NA,NA,NA,1,NA,0,NA,238,NA,40,104,NA,384,"ZIP","0",6.81033475623455,0,FALSE,FALSE,NA,FALSE,57,0,20,0,0,0,0,0,1.4,15.5,0,5.9
"134",134,2669106,0,0,0,21,"Android/Erwind.A!tr","2ac6bd4b6ac9cea9c9683b08fc8956dc.virus","CA","on",1,60,10,1,1,9,"0.8.6","NL","Jina Gasilov","android@android.com","You Bet","Vandervort-D'Amore","Android","California",14,NA,0,4,0,0,0,0,0,5,0,0,1,0,0,0,22,3,NA,NA,NA,2,NA,NA,0,NA,7,NA,34,2,NA,48,"ZIP","0x0808",2.41531176793102,20,FALSE,FALSE,NA,FALSE,49.3,0,17.3,0,8.9,0,0,17.9,0,0,0,5.1
"135",135,3357189,0,0,0,23,"Android/Agent.DUI!tr","c4ba42f8c70235bd85e91171b2038fda64fffb3349b9b37cc802318ed2a9e377.bin","IT","62",2,62,27,2,1,1,"1.0.8","US","Android","android@android.com","Mountain View","Android","Android","California",19,4,0,4,0,0,0,3,2,7,0,0,6,0,5,0,29,1,4,NA,NA,NA,NA,NA,0,NA,282,NA,11,414,NA,712,"ZIP","0x0800",4.56415376934598,10,FALSE,FALSE,-1,FALSE,0,0,72.9,0,0,0,0,0,5.4,0,0,21.6
"136",136,3421363,0,0,0,28,"Android/Clicker.JV!tr","433e1fbff2f247f79092c18d78deccb9.virus","CA","on",1,64,2,1,1,100001,"1.0","cn",NA,NA,NA,NA,NA,NA,15,6,0,2,0,0,0,0,0,0,0,0,0,0,0,0,26,1,6,4,4,NA,3,NA,2,1,304,NA,64,253,NA,641,"ZIP","0",3.25183842568617,0,FALSE,FALSE,NA,FALSE,67.5,0,23.6,0,0,0,0,0,1.7,0,0,7
"137",137,10898768,0,0,0,17,"Android/FakePlayer.I!tr","/home/farm/anteroom/c61/afe/c61afe21d6ffcc23f74b6492d1e0644e4f80c339346da20ce7dbf943895aeafb","CZ","jm",2,58,0,2,2,NA,NA,NA,NA,NA,NA,NA,NA,NA,NA,NA,0,0,0,0,0,0,0,0,0,0,0,0,0,0,NA,NA,NA,NA,NA,NA,NA,NA,0,NA,NA,NA,NA,NA,NA,NA,"DEX",NA,NA,NA,FALSE,FALSE,4,FALSE,0,100,0,0,0,0,0,0,0,0,0,0
"138",138,3394319,0,0,0,26,"Android/Agent.BMP!tr","c63744548231f30761b727a3a7c98731ef36a0b5e3cd5c683c33b3f9ace28f89.bin","IT","62",2,64,26,2,1,1,"8.8.9","US","Android","android@android.com","Mountain View","Android","Android","California",19,4,0,3,0,0,0,3,2,7,0,0,6,0,5,0,29,1,4,NA,NA,NA,NA,NA,0,NA,268,NA,45,411,NA,729,"ZIP","0",4.6106399383192,0,FALSE,FALSE,3,FALSE,57,0,20,0,0,0,0,0,1.4,15.5,0,5.9
"139",139,2669106,0,0,0,18,"Android/Erwind.A!tr","4d537833079fcd70030737c32da7cab0.virus","CA","on",1,58,10,1,1,9,"0.8.6","NL","Jina Gasilov","android@android.com","You Bet","Vandervort-D'Amore","Android","California",14,NA,0,4,0,0,0,0,0,5,0,0,1,0,0,0,22,3,NA,NA,NA,2,NA,NA,0,NA,7,NA,34,2,NA,48,"ZIP","0x0808",2.41531176793102,20,FALSE,FALSE,NA,FALSE,49.3,0,17.3,0,8.9,0,0,17.9,0,0,0,5.1
"140",140,1913112,0,0,0,20,"Android/Agent.BHM!tr","/home/farm/anteroom/c8a/453/c8a4530f84271bcf4ebb35d6759b0feb506c7956610623564b2fe614daaeede7","CZ","jm",4,59,0,2,2,NA,NA,NA,NA,NA,NA,NA,NA,NA,NA,NA,0,0,0,0,0,0,0,0,0,0,0,0,0,0,NA,NA,NA,NA,NA,NA,NA,NA,0,NA,NA,NA,NA,NA,NA,NA,"DEX",NA,NA,NA,FALSE,FALSE,1,FALSE,0,100,0,0,0,0,0,0,0,0,0,0
"141",141,2667641,0,0,0,21,"Android/Erwind.A!tr","fe398b96dec67599e65b42e70ea1dd14.virus","CA","on",1,62,10,1,1,9,"0.8.6","NL","Jina Gasilov","android@android.com","You Bet","Vandervort-D'Amore","Android","California",14,NA,0,4,0,0,0,0,0,5,0,0,1,0,0,0,22,3,NA,NA,NA,2,NA,NA,0,NA,7,NA,34,2,NA,48,"ZIP","0x0808",2.41531176793102,20,FALSE,FALSE,NA,FALSE,49.3,0,17.3,0,8.9,0,0,17.9,0,0,0,5.1
"142",142,5996,0,0,0,28,"Android/Shedun.AC!tr","/home/farm/anteroom/c9b/618/c9b618e5da5ed99545961a17c67cafc922f2c41c33cc1f9b04380f06920a3c44","CZ","jm",5,60,0,1,2,NA,NA,NA,NA,NA,NA,NA,NA,NA,NA,NA,0,0,0,0,0,0,0,0,0,0,0,0,0,0,NA,NA,NA,NA,NA,NA,NA,NA,0,NA,NA,NA,NA,NA,NA,NA,"DEX",NA,NA,NA,FALSE,FALSE,0,FALSE,0,100,0,0,0,0,0,0,0,0,0,0
"143",143,5900,0,0,0,20,"Android/Shedun.AC!tr","/home/farm/anteroom/ca5/49f/ca549f26371e83805b00122704eca29d60ff08055b84d47989ce9a6a046e3eb9","CZ","jm",3,52,0,2,2,NA,NA,NA,NA,NA,NA,NA,NA,NA,NA,NA,0,0,0,0,0,0,0,0,0,0,0,0,0,0,NA,NA,NA,NA,NA,NA,NA,NA,0,NA,NA,NA,NA,NA,NA,NA,"DEX",NA,NA,NA,FALSE,FALSE,1,FALSE,0,100,0,0,0,0,0,0,0,0,0,0
"144",144,4804230,0,0,0,23,"Riskware/Generic.Z.9DAC0B!Android","e99147cfc18abb2e44c96513468958b4.virus","CA","on",1,57,15,1,1,25,"2.0.5","US","Android","android@android.com","Mountain View","Android","Android","California",10,NA,0,1,0,0,0,0,2,5,0,0,3,0,4,0,21,1,NA,NA,1,1,NA,NA,0,NA,774,NA,12,139,NA,928,"ZIP","0x0808",4.23851120394987,20,FALSE,FALSE,NA,FALSE,57,0,20,0,0,0,0,0,1.4,15.5,0,5.9
"145",145,1956297,0,0,0,20,"Android/Agent.HVN!tr","/vdepot/apk/9A/69/9A695AF4732927901AEF69BA35167BF4","US","ca",1,62,6,1,1,101,"23.5.3",NA,NA,NA,"MOS",NA,NA,NA,16,NA,0,2,0,0,1,0,0,2,0,0,1,0,0,0,22,1,NA,NA,NA,NA,1,NA,0,NA,238,NA,40,104,NA,384,"ZIP","0",6.80775792403699,0,FALSE,FALSE,NA,FALSE,57,0,20,0,0,0,0,0,1.4,15.5,0,5.9
"146",146,5880,0,0,0,26,"Android/Shedun.AC!tr","/home/farm/anteroom/cd6/67c/cd667c7b1b83a2a86136f680b6038dba48ccfc6a7a2d185c54d5e2e7cc370169","CZ","jm",2,60,0,1,2,NA,NA,NA,NA,NA,NA,NA,NA,NA,NA,NA,0,0,0,0,0,0,0,0,0,0,0,0,0,0,NA,NA,NA,NA,NA,NA,NA,NA,0,NA,NA,NA,NA,NA,NA,NA,"DEX",NA,NA,NA,FALSE,FALSE,4,FALSE,0,100,0,0,0,0,0,0,0,0,0,0
"147",147,2669106,0,0,0,21,"Android/Erwind.A!tr","98be3e7089d7b6f3f0cd4cfaa8e1f0f3.virus","CA","on",1,60,10,1,1,9,"0.8.6","NL","Jina Gasilov","android@android.com","You Bet","Vandervort-D'Amore","Android","California",14,NA,0,4,0,0,0,0,0,5,0,0,1,0,0,0,22,3,NA,NA,NA,2,NA,NA,0,NA,7,NA,34,2,NA,48,"ZIP","0x0808",2.41531176793102,20,FALSE,FALSE,NA,FALSE,49.3,0,17.3,0,8.9,0,0,17.9,0,0,0,5.1
"148",148,2669106,0,0,0,19,"Android/Erwind.A!tr","18573a9faeac80797eb18c4c9cbfe70a.virus","CA","on",1,62,10,1,1,9,"0.8.6","NL","Jina Gasilov","android@android.com","You Bet","Vandervort-D'Amore","Android","California",14,NA,0,4,0,0,0,0,0,5,0,0,1,0,0,0,22,3,NA,NA,NA,2,NA,NA,0,NA,7,NA,34,2,NA,48,"ZIP","0x0808",2.41531176793102,20,FALSE,FALSE,NA,FALSE,49.3,0,17.3,0,8.9,0,0,17.9,0,0,0,5.1
"149",149,6000,0,0,0,25,"Android/Shedun.AC!tr","/home/farm/anteroom/d21/025/d21025ad4132ad2c5dc959e6f752cf6905198f0e975b0cde135d3b154b4814fd","CZ","jm",6,59,0,2,2,NA,NA,NA,NA,NA,NA,NA,NA,NA,NA,NA,0,0,0,0,0,0,0,0,0,0,0,0,0,0,NA,NA,NA,NA,NA,NA,NA,NA,0,NA,NA,NA,NA,NA,NA,NA,"DEX",NA,NA,NA,FALSE,FALSE,1,FALSE,0,100,0,0,0,0,0,0,0,0,0,0
"150",150,4804234,0,0,0,28,"Riskware/Generic.Z.9DAC0B!Android","ce28ca783759437f42aa4440b1dc5038.virus","CA","on",1,62,15,1,1,25,"2.0.5","US","Android","android@android.com","Mountain View","Android","Android","California",10,NA,0,1,0,0,0,0,2,5,0,0,3,0,4,0,21,1,NA,NA,1,1,NA,NA,0,NA,774,NA,12,139,NA,928,"ZIP","0x0808",4.23851120394987,20,FALSE,FALSE,NA,FALSE,57,0,20,0,0,0,0,0,1.4,15.5,0,5.9
"151",151,5888,0,0,0,26,"Android/Shedun.AC!tr","/home/farm/anteroom/d43/faa/d43faabfd18e83baf467eec630f55d122fe61ebd9ddbd98752132397d1abf3c6","CZ","jm",3,59,0,1,2,NA,NA,NA,NA,NA,NA,NA,NA,NA,NA,NA,0,0,0,0,0,0,0,0,0,0,0,0,0,0,NA,NA,NA,NA,NA,NA,NA,NA,0,NA,NA,NA,NA,NA,NA,NA,"DEX",NA,NA,NA,FALSE,FALSE,3,FALSE,0,100,0,0,0,0,0,0,0,0,0,0
"152",152,7225742,0,0,0,21,"Android/Agent.BVS!tr","/ibk.apk","US",NA,2,57,27,2,1,1,"1.1.1","111","ibkv1",NA,"ccc","bbb","aaa","ddd",22,4,0,6,0,0,2,0,1,8,0,0,8,0,2,0,22,1,8,NA,NA,NA,2,NA,0,NA,264,NA,74,421,NA,771,"ZIP","0",1.07843137254902,0,FALSE,FALSE,11,FALSE,57,0,20,0,0,0,0,0,1.4,15.5,0,5.9
"153",153,2669106,0,0,0,20,"Android/Erwind.A!tr","86befc52c2f9876d8923f23eabd2072b.virus","CA","on",1,61,10,1,1,9,"0.8.6","NL","Jina Gasilov","android@android.com","You Bet","Vandervort-D'Amore","Android","California",14,NA,0,4,0,0,0,0,0,5,0,0,1,0,0,0,22,3,NA,NA,NA,2,NA,NA,0,NA,7,NA,34,2,NA,48,"ZIP","0x0808",2.41531176793102,20,FALSE,FALSE,NA,FALSE,49.3,0,17.3,0,8.9,0,0,17.9,0,0,0,5.1
"154",154,1956101,0,0,0,18,"Android/Agent.HVN!tr","Bluetooth Scanner for Android TV(donation).apk","IN","dl",1,61,6,1,1,101,"23.5.3",NA,NA,NA,"ZOO",NA,NA,NA,16,NA,0,2,0,0,1,0,0,2,0,0,1,0,0,0,22,1,NA,NA,NA,NA,1,NA,0,NA,238,NA,40,104,NA,384,"ZIP","0",6.80977186994791,0,FALSE,FALSE,NA,FALSE,57,0,20,0,0,0,0,0,1.4,15.5,0,5.9
"155",155,34424,0,0,0,19,"Android/Generic.Z.8EF9C3!tr","/home/farm/anteroom/da4/bb6/da4bb6fbbf566ee75d2d0b93821c80647419f76115a1505c83dcff540ff77191","CZ","jm",4,58,0,2,2,NA,NA,NA,NA,NA,NA,NA,NA,NA,NA,NA,0,0,0,0,0,0,0,0,0,0,0,0,0,0,NA,NA,NA,NA,NA,NA,NA,NA,0,NA,NA,NA,NA,NA,NA,NA,"DEX",NA,NA,NA,FALSE,FALSE,-1,FALSE,0,100,0,0,0,0,0,0,0,0,0,0
"156",156,6122901,0,0,0,26,"Android/Agent.IYT!tr","da585d98b5899e4d3c668667fa5d175f8bb8e8085538ca54970901471e132038.bin","IT","62",2,62,26,2,1,1,"1.6.7","US","Android","android@android.com","Mountain View","Android","Android","California",19,8,0,3,0,0,0,3,2,7,0,0,6,0,5,0,29,1,8,NA,NA,NA,NA,NA,0,NA,268,NA,43,411,NA,731,"ZIP","0x0800",2.62837644292303,10,FALSE,FALSE,1,FALSE,0,0,0,0,0,0,0,0,6.4,67.7,0,25.8
"157",157,2669106,0,0,0,20,"Android/Erwind.A!tr","7fa0285edecbf5c2c195122376db3c24.virus","CA","on",1,60,10,1,1,9,"0.8.6","NL","Jina Gasilov","android@android.com","You Bet","Vandervort-D'Amore","Android","California",14,NA,0,4,0,0,0,0,0,5,0,0,1,0,0,0,22,3,NA,NA,NA,2,NA,NA,0,NA,7,NA,34,2,NA,48,"ZIP","0x0808",2.41531176793102,20,FALSE,FALSE,NA,FALSE,49.3,0,17.3,0,8.9,0,0,17.9,0,0,0,5.1
"158",158,8043761,0,0,0,19,"Android/Agent.EVT!tr","NTƒê TUNNEL PLUS_v1.6 (7)_Fix Virus 02.apk","SG",NA,1,62,9,1,1,7,"1.6","US","Android","android@android.com","Mountain View","Android","Android","California",21,10,0,2,0,0,0,3,0,4,0,0,0,0,0,0,28,1,10,NA,NA,NA,10,NA,0,NA,469,NA,34,316,NA,840,"ZIP","0x0800",3.2926426921808,10,FALSE,FALSE,NA,FALSE,0,0,72.9,0,0,0,0,0,5.4,0,0,21.6
"159",159,2669106,0,0,0,22,"Android/Erwind.A!tr","4a761e2bf2bbc70668bc8a144438000d.virus","CA","on",1,61,10,1,1,9,"0.8.6","NL","Jina Gasilov","android@android.com","You Bet","Vandervort-D'Amore","Android","California",14,NA,0,4,0,0,0,0,0,5,0,0,1,0,0,0,22,3,NA,NA,NA,2,NA,NA,0,NA,7,NA,34,2,NA,48,"ZIP","0x0808",2.41531176793102,20,FALSE,FALSE,NA,FALSE,49.3,0,17.3,0,8.9,0,0,17.9,0,0,0,5.1
"160",160,824232,0,0,0,36,"Android/SpyNote.AN!tr.spy","Tinder +.apk","FR","hdf",1,62,34,1,1,1,"6.22003323.5","rb","Benim ismim","sahte@gmail.com","Antan","Benim Firmam","Benim Firmam","SANANE",10,NA,0,7,0,0,2,0,1,11,0,0,11,0,2,0,22,1,NA,NA,NA,NA,NA,NA,0,NA,250,NA,5,175,NA,431,"ZIP","0x0808",4.09813387800576,20,FALSE,FALSE,NA,FALSE,57,0,20,0,0,0,0,0,1.4,15.5,0,5.9
"161",161,6122902,0,0,0,27,"Android/Agent.IYT!tr","e70ecadb0e6f92d520e54f4e04cf43799ea4ff69c711b6da3b69838b8f6b7373.bin","IT","62",2,62,26,2,1,1,"1.6.7","US","Android","android@android.com","Mountain View","Android","Android","California",19,8,0,3,0,0,0,3,2,7,0,0,6,0,5,0,29,1,8,NA,NA,NA,NA,NA,0,NA,268,NA,43,411,NA,731,"ZIP","0x0800",2.62836153426349,10,FALSE,FALSE,-1,FALSE,0,0,0,0,0,0,0,0,6.4,67.7,0,25.8
"162",162,1928652,0,0,0,16,"Adware/Dnotua!Android",NA,"BO","s",3543,62,6,4,1,3,"1.3","US","Regan Stachler",NA,"Kansas","Regan Stachler","Bus Parking Simulator","Texas",16,NA,0,0,0,2,0,0,0,4,0,0,0,0,0,0,26,1,NA,NA,NA,NA,NA,NA,0,NA,25,NA,12,36,NA,74,"ZIP","0",3.58529234478602,0,FALSE,FALSE,0,FALSE,67.5,0,23.6,0,0,0,0,0,1.7,0,0,7
"163",163,1955964,0,0,0,20,"Android/Agent.HVN!tr","Download v1.2.3.8beta02.apk","PH","11",1,61,6,1,1,101,"23.5.3",NA,NA,NA,"ZOO",NA,NA,NA,16,NA,0,2,0,0,1,0,0,2,0,0,1,0,0,0,22,1,NA,NA,NA,NA,1,NA,0,NA,238,NA,40,104,NA,384,"ZIP","0",6.80977186994791,0,FALSE,FALSE,NA,FALSE,57,0,20,0,0,0,0,0,1.4,15.5,0,5.9
"164",164,3394284,0,0,0,25,"Android/Agent.BMP!tr","eb3d2be73958413bb5e977190d68cd42913ead119738f8bf92bb72a78add7ffb.bin","IT","62",5,63,26,2,1,1,"8.8.9","US","Android","android@android.com","Mountain View","Android","Android","California",19,4,0,3,0,0,0,3,2,7,0,0,6,0,5,0,29,1,4,NA,NA,NA,NA,NA,0,NA,268,NA,45,411,NA,729,"ZIP","0",4.59626693940169,0,FALSE,FALSE,-1,FALSE,57,0,20,0,0,0,0,0,1.4,15.5,0,5.9
"165",165,1975464,0,0,0,19,"Android/Agent.GZB!tr","/vdepot/apk/B7/BA/B7BA7B441FFB80F36E896CE76D49B163","US","ca",1,62,6,1,1,101,"23.5.3",NA,NA,NA,"MOS",NA,NA,NA,16,NA,0,2,0,0,1,0,0,2,0,0,1,0,0,0,22,1,NA,NA,NA,NA,1,NA,0,NA,238,NA,41,108,NA,389,"ZIP","0",6.80797915356276,0,FALSE,FALSE,NA,FALSE,57,0,20,0,0,0,0,0,1.4,15.5,0,5.9
"166",166,4804234,0,0,0,31,"Riskware/Generic.Z.9DAC0B!Android","436482c1bf899613386cbe6286001b76.virus","CA","on",1,63,15,1,1,25,"2.0.5","US","Android","android@android.com","Mountain View","Android","Android","California",10,NA,0,1,0,0,0,0,2,5,0,0,3,0,4,0,21,1,NA,NA,1,1,NA,NA,0,NA,774,NA,12,139,NA,928,"ZIP","0x0808",4.23851120394987,20,FALSE,FALSE,NA,FALSE,57,0,20,0,0,0,0,0,1.4,15.5,0,5.9
"167",167,4804234,0,0,0,28,"Riskware/Generic.Z.9DAC0B!Android","1dc3e0df2b725579903a1ffd69cd2bd9.virus","CA","on",1,61,15,1,1,25,"2.0.5","US","Android","android@android.com","Mountain View","Android","Android","California",10,NA,0,1,0,0,0,0,2,5,0,0,3,0,4,0,21,1,NA,NA,1,1,NA,NA,0,NA,774,NA,12,139,NA,928,"ZIP","0x0808",4.23851120394987,20,FALSE,FALSE,NA,FALSE,57,0,20,0,0,0,0,0,1.4,15.5,0,5.9
"168",168,1467913,0,0,0,22,"Android/Savestealer.B!tr.spy","/1/e/f/ef2b71a80e2a4a696d2504a19b0400153b623bba4064b8dab1504dbdb28ecf20.file","US",NA,1,61,6,1,1,1,"1.0","lt","eternity cool",NA,"yes","eternity","eternity","lt",21,NA,0,1,0,0,0,2,0,3,0,0,0,0,0,0,30,1,NA,NA,NA,NA,NA,NA,0,NA,170,NA,11,410,NA,592,"ZIP","0x0808",3.44334600760456,20,FALSE,FALSE,NA,FALSE,48.1,0,16.8,0,0,0,0,0,0,13.1,15.6,5
"169",169,2669106,0,0,0,20,"Android/Erwind.A!tr","75f1b239d0313d7f1cad91aa05eed73f.virus","CA","on",1,61,10,1,1,9,"0.8.6","NL","Jina Gasilov","android@android.com","You Bet","Vandervort-D'Amore","Android","California",14,NA,0,4,0,0,0,0,0,5,0,0,1,0,0,0,22,3,NA,NA,NA,2,NA,NA,0,NA,7,NA,34,2,NA,48,"ZIP","0x0808",2.41531176793102,20,FALSE,FALSE,NA,FALSE,49.3,0,17.3,0,8.9,0,0,17.9,0,0,0,5.1
"170",170,6392,0,0,0,28,"Android/Agent.FV!tr","/home/farm/anteroom/f1f/027/f1f02727cb136f0d0306c4e76250ca42964301fbc2917f6f6315fb724002e5c6","CZ","jm",6,59,0,3,2,NA,NA,NA,NA,NA,NA,NA,NA,NA,NA,NA,0,0,0,0,0,0,0,0,0,0,0,0,0,0,NA,NA,NA,NA,NA,NA,NA,NA,0,NA,NA,NA,NA,NA,NA,NA,"DEX",NA,NA,NA,FALSE,FALSE,-1,FALSE,0,100,0,0,0,0,0,0,0,0,0,0
"171",171,4804233,0,0,0,29,"Riskware/Generic.Z.9DAC0B!Android","d64dcc75a99886e830a06b09005b4976.virus","CA","on",1,61,15,1,1,25,"2.0.5","US","Android","android@android.com","Mountain View","Android","Android","California",10,NA,0,1,0,0,0,0,2,5,0,0,3,0,4,0,21,1,NA,NA,1,1,NA,NA,0,NA,774,NA,12,139,NA,928,"ZIP","0x0808",4.23851120394987,20,FALSE,FALSE,NA,FALSE,57,0,20,0,0,0,0,0,1.4,15.5,0,5.9
"172",172,2667888,0,0,0,22,"Android/Erwind.A!tr","7d9145395fe05e70e2660669db28576e.virus","CA","on",1,62,10,1,1,9,"0.8.6","NL","Jina Gasilov","android@android.com","You Bet","Vandervort-D'Amore","Android","California",14,NA,0,4,0,0,0,0,0,5,0,0,1,0,0,0,22,3,NA,NA,NA,2,NA,NA,0,NA,7,NA,34,2,NA,48,"ZIP","0x0808",2.59426074749233,20,FALSE,FALSE,NA,FALSE,49.3,0,17.3,0,8.9,0,0,17.9,0,0,0,5.1
"173",173,2669106,0,0,0,20,"Android/Erwind.A!tr","033d9b91a7eb83d20adb4d2a5cede74f.virus","CA","on",1,60,10,1,1,9,"0.8.6","NL","Jina Gasilov","android@android.com","You Bet","Vandervort-D'Amore","Android","California",14,NA,0,4,0,0,0,0,0,5,0,0,1,0,0,0,22,3,NA,NA,NA,2,NA,NA,0,NA,7,NA,34,2,NA,48,"ZIP","0x0808",2.41531176793102,20,FALSE,FALSE,NA,FALSE,49.3,0,17.3,0,8.9,0,0,17.9,0,0,0,5.1
"174",174,2795296,0,0,0,25,"Android/Clicker.JV!tr","/home/farm/anteroom/f43/cd2/f43cd244c056aaeca67005ac18b9c2dbc1863e05113b988dfe9501c59fcfaeb9","CZ","jm",2,60,0,2,2,NA,NA,NA,NA,NA,NA,NA,NA,NA,NA,NA,0,0,0,0,0,0,0,0,0,0,0,0,0,0,NA,NA,NA,NA,NA,NA,NA,NA,0,NA,NA,NA,NA,NA,NA,NA,"DEX",NA,NA,NA,FALSE,FALSE,2,FALSE,0,100,0,0,0,0,0,0,0,0,0,0
"175",175,15645802,0,0,0,16,"Android/Agent.DSI!tr","shinhan.apk",NA,NA,1,63,34,1,1,41,"4.1","US","Android","android@android.com","Mountain View","Android","Android","California",19,10,0,8,0,0,3,0,1,10,0,0,8,1,2,1,22,1,10,NA,5,NA,NA,NA,10,NA,152,NA,51,271,NA,490,"ZIP","0x0808",5.09801210025929,20,FALSE,FALSE,NA,FALSE,0,0,72.9,0,0,0,0,0,5.4,0,0,21.6
"176",176,4804237,0,0,0,27,"Riskware/Generic.Z.9DAC0B!Android","5ce4733849f2aa57376a7eb145515337.virus","CA","on",1,60,15,1,1,25,"2.0.5","US","Android","android@android.com","Mountain View","Android","Android","California",10,NA,0,1,0,0,0,0,2,5,0,0,3,0,4,0,21,1,NA,NA,1,1,NA,NA,0,NA,774,NA,12,139,NA,928,"ZIP","0x0808",4.23851120394987,20,FALSE,FALSE,NA,FALSE,57,0,20,0,0,0,0,0,1.4,15.5,0,5.9
"177",177,1956078,0,0,0,20,"Android/Agent.HVN!tr","/vdepot/apk/EF/CB/EFCBFDFB940DF0FAC05BA9E4249347E4","US","ca",1,62,6,1,1,101,"23.5.3",NA,NA,NA,"MOS",NA,NA,NA,16,NA,0,2,0,0,1,0,0,2,0,0,1,0,0,0,22,1,NA,NA,NA,NA,1,NA,0,NA,238,NA,40,104,NA,384,"ZIP","0",6.80995597088687,0,FALSE,FALSE,NA,FALSE,57,0,20,0,0,0,0,0,1.4,15.5,0,5.9
"178",178,11212,0,0,0,21,"Android/Agent.BT!tr","/home/farm/anteroom/fb5/e8b/fb5e8b8cb663aad66686ca7c3e123163c9977b3a5fb871905e9bd0916d0da20f","CZ","jm",18,59,0,3,2,NA,NA,NA,NA,NA,NA,NA,NA,NA,NA,NA,0,0,0,0,0,0,0,0,0,0,0,0,0,0,NA,NA,NA,NA,NA,NA,NA,NA,0,NA,NA,NA,NA,NA,NA,NA,"DEX",NA,NA,NA,FALSE,FALSE,0,FALSE,0,100,0,0,0,0,0,0,0,0,0,0
"179",179,4804234,0,0,0,29,"Riskware/Generic.Z.9DAC0B!Android","a5b338a748d0527193f7431a3e69e96d.virus","CA","on",1,63,15,1,1,25,"2.0.5","US","Android","android@android.com","Mountain View","Android","Android","California",10,NA,0,1,0,0,0,0,2,5,0,0,3,0,4,0,21,1,NA,NA,1,1,NA,NA,0,NA,774,NA,12,139,NA,928,"ZIP","0x0808",4.23851120394987,20,FALSE,FALSE,NA,FALSE,57,0,20,0,0,0,0,0,1.4,15.5,0,5.9
"180",180,1513084,0,0,0,17,"Riskware/Dnotua!Android","105997.apk","US",NA,1,62,4,1,1,437,"1.437","z","lz",NA,"z","z","zz","zz",19,NA,0,0,0,2,0,0,0,2,0,0,0,0,0,0,26,1,NA,NA,NA,NA,NA,NA,0,NA,254,NA,4,142,NA,401,"ZIP","0x0808",3.49113607990012,20,FALSE,FALSE,NA,FALSE,57,0,20,0,0,0,0,0,1.4,15.5,0,5.9
"181",181,1629650,0,0,0,15,"Android/Clicker.KK!tr","FDE80D07DAEF3876E6312E7884E6FA417395CDCC863342DE20BD69C95860024D","LU","l",3,62,7,2,1,1,"1.0","IN","Pravesh Agrawal","praveshagrawal97@gmail.com","Jabalpur","Goyal","Goyal Traders","Madhya-Pradesh",11,NA,0,1,0,0,1,0,0,3,0,0,2,0,0,0,22,1,NA,NA,NA,NA,13,NA,0,NA,23,NA,34,7,NA,78,"ZIP","0x0808",2.56786011656953,20,FALSE,TRUE,1,FALSE,60.1,0,21,0,10.9,0,0,0,1.5,0,0,6.2
"182",182,4804234,0,0,0,29,"Riskware/Generic.Z.9DAC0B!Android","c5b53b90844371bd6a8b06c8a5ae19b1.virus","CA","on",1,62,15,1,1,25,"2.0.5","US","Android","android@android.com","Mountain View","Android","Android","California",10,NA,0,1,0,0,0,0,2,5,0,0,3,0,4,0,21,1,NA,NA,1,1,NA,NA,0,NA,774,NA,12,139,NA,928,"ZIP","0x0808",4.23851120394987,20,FALSE,FALSE,NA,FALSE,57,0,20,0,0,0,0,0,1.4,15.5,0,5.9
"183",183,2369760,0,0,0,19,"Android/Agent.BTN!tr.spy","38f46450ec4e922493c7d58a0dbd4cff.virus","CA","on",1,62,6,1,1,1,"7.8","US","Android","android@android.com","Mountain View","Android","Android","California",21,NA,0,2,0,0,0,0,0,0,0,0,3,0,1,0,29,1,NA,NA,NA,NA,1,NA,0,NA,183,NA,28,183,NA,396,"ZIP","0x0800",3.06976744186047,10,FALSE,FALSE,NA,FALSE,57,0,20,0,0,0,0,0,1.4,15.5,0,5.9
